time,Charging Current (mA),Discharging Current (mA),Pack Voltage (mV),String 1 Voltage(mV),String 2 Voltage(mV),String 3 Voltage(mV),String 4 Voltage(mV),Temp (C),State Of Charge (%)
1650220200000.0,0.0,0.0,0.0,0.0,0.0,0.0,0.0,0.0,0.0
1650220320000.0,0.0,0.0,0.0,0.0,0.0,0.0,0.0,0.0,0.0
1650220440000.0,0.0,0.0,0.0,0.0,0.0,0.0,0.0,0.0,0.0
1650220560000.0,0.0,0.0,0.0,0.0,0.0,0.0,0.0,0.0,0.0
1650220680000.0,0.0,0.0,0.0,0.0,0.0,0.0,0.0,0.0,0.0
1650220800000.0,0.0,0.0,0.0,0.0,0.0,0.0,0.0,0.0,0.0
1650220920000.0,0.0,0.0,0.0,0.0,0.0,0.0,0.0,0.0,0.0
1650221040000.0,0.0,0.0,0.0,0.0,0.0,0.0,0.0,0.0,0.0
1650221160000.0,0.0,0.0,0.0,0.0,0.0,0.0,0.0,0.0,0.0
1650221280000.0,0.0,0.0,0.0,0.0,0.0,0.0,0.0,0.0,0.0
1650221400000.0,0.0,0.0,0.0,0.0,0.0,0.0,0.0,0.0,0.0
1650221520000.0,0.0,0.0,0.0,0.0,0.0,0.0,0.0,0.0,0.0
1650221640000.0,0.0,0.0,0.0,0.0,0.0,0.0,0.0,0.0,0.0
1650221760000.0,0.0,0.0,0.0,0.0,0.0,0.0,0.0,0.0,0.0
1650221880000.0,0.0,0.0,0.0,0.0,0.0,0.0,0.0,0.0,0.0
1650222000000.0,0.0,0.0,0.0,0.0,0.0,0.0,0.0,0.0,0.0
1650222120000.0,0.0,0.0,0.0,0.0,0.0,0.0,0.0,0.0,0.0
1650222240000.0,0.0,0.0,0.0,0.0,0.0,0.0,0.0,0.0,0.0
1650222360000.0,0.0,0.0,0.0,0.0,0.0,0.0,0.0,0.0,0.0
1650222480000.0,0.0,0.0,0.0,0.0,0.0,0.0,0.0,0.0,0.0
1650222600000.0,0.0,0.0,0.0,0.0,0.0,0.0,0.0,0.0,0.0
1650222720000.0,0.0,0.0,0.0,0.0,0.0,0.0,0.0,0.0,0.0
1650222840000.0,0.0,0.0,0.0,0.0,0.0,0.0,0.0,0.0,0.0
1650222960000.0,0.0,0.0,0.0,0.0,0.0,0.0,0.0,0.0,0.0
1650223080000.0,0.0,0.0,0.0,0.0,0.0,0.0,0.0,0.0,0.0
1650223200000.0,0.0,0.0,0.0,0.0,0.0,0.0,0.0,0.0,0.0
1650223320000.0,0.0,0.0,0.0,0.0,0.0,0.0,0.0,0.0,0.0
1650223440000.0,0.0,0.0,0.0,0.0,0.0,0.0,0.0,0.0,0.0
1650223560000.0,0.0,0.0,0.0,0.0,0.0,0.0,0.0,0.0,0.0
1650223680000.0,0.0,0.0,0.0,0.0,0.0,0.0,0.0,0.0,0.0
1650223800000.0,0.0,0.0,0.0,0.0,0.0,0.0,0.0,0.0,0.0
1650223920000.0,0.0,0.0,0.0,0.0,0.0,0.0,0.0,0.0,0.0
1650224040000.0,0.0,0.0,0.0,0.0,0.0,0.0,0.0,0.0,0.0
1650224160000.0,0.0,0.0,0.0,0.0,0.0,0.0,0.0,0.0,0.0
1650224280000.0,0.0,0.0,0.0,0.0,0.0,0.0,0.0,0.0,0.0
1650224400000.0,0.0,0.0,0.0,0.0,0.0,0.0,0.0,0.0,0.0
1650224520000.0,0.0,0.0,0.0,0.0,0.0,0.0,0.0,0.0,0.0
1650224640000.0,0.0,0.0,0.0,0.0,0.0,0.0,0.0,0.0,0.0
1650224760000.0,0.0,0.0,0.0,0.0,0.0,0.0,0.0,0.0,0.0
1650224880000.0,0.0,0.0,0.0,0.0,0.0,0.0,0.0,0.0,0.0
1650225000000.0,0.0,0.0,0.0,0.0,0.0,0.0,0.0,0.0,0.0
1650225120000.0,0.0,0.0,0.0,0.0,0.0,0.0,0.0,0.0,0.0
1650225240000.0,0.0,0.0,0.0,0.0,0.0,0.0,0.0,0.0,0.0
1650225360000.0,0.0,0.0,0.0,0.0,0.0,0.0,0.0,0.0,0.0
1650225480000.0,0.0,0.0,0.0,0.0,0.0,0.0,0.0,0.0,0.0
1650225600000.0,0.0,0.0,0.0,0.0,0.0,0.0,0.0,0.0,0.0
1650225720000.0,0.0,0.0,0.0,0.0,0.0,0.0,0.0,0.0,0.0
1650225840000.0,0.0,0.0,0.0,0.0,0.0,0.0,0.0,0.0,0.0
1650225960000.0,0.0,0.0,0.0,0.0,0.0,0.0,0.0,0.0,0.0
1650226080000.0,0.0,0.0,0.0,0.0,0.0,0.0,0.0,0.0,0.0
1650226200000.0,0.0,0.0,0.0,0.0,0.0,0.0,0.0,0.0,0.0
1650226320000.0,0.0,0.0,0.0,0.0,0.0,0.0,0.0,0.0,0.0
1650226440000.0,0.0,0.0,0.0,0.0,0.0,0.0,0.0,0.0,0.0
1650226560000.0,0.0,0.0,0.0,0.0,0.0,0.0,0.0,0.0,0.0
1650226680000.0,0.0,0.0,0.0,0.0,0.0,0.0,0.0,0.0,0.0
1650226800000.0,0.0,0.0,0.0,0.0,0.0,0.0,0.0,0.0,0.0
1650226920000.0,0.0,0.0,0.0,0.0,0.0,0.0,0.0,0.0,0.0
1650227040000.0,0.0,0.0,0.0,0.0,0.0,0.0,0.0,0.0,0.0
1650227160000.0,0.0,0.0,0.0,0.0,0.0,0.0,0.0,0.0,0.0
1650227280000.0,0.0,0.0,0.0,0.0,0.0,0.0,0.0,0.0,0.0
1650227400000.0,0.0,0.0,0.0,0.0,0.0,0.0,0.0,0.0,0.0
1650227520000.0,0.0,0.0,0.0,0.0,0.0,0.0,0.0,0.0,0.0
1650227640000.0,0.0,0.0,0.0,0.0,0.0,0.0,0.0,0.0,0.0
1650227760000.0,0.0,0.0,0.0,0.0,0.0,0.0,0.0,0.0,0.0
1650227880000.0,0.0,0.0,0.0,0.0,0.0,0.0,0.0,0.0,0.0
1650228000000.0,0.0,0.0,0.0,0.0,0.0,0.0,0.0,0.0,0.0
1650228120000.0,0.0,0.0,0.0,0.0,0.0,0.0,0.0,0.0,0.0
1650228240000.0,0.0,0.0,0.0,0.0,0.0,0.0,0.0,0.0,0.0
1650228360000.0,0.0,0.0,0.0,0.0,0.0,0.0,0.0,0.0,0.0
1650228480000.0,0.0,0.0,0.0,0.0,0.0,0.0,0.0,0.0,0.0
1650228600000.0,0.0,0.0,0.0,0.0,0.0,0.0,0.0,0.0,0.0
1650228720000.0,0.0,0.0,0.0,0.0,0.0,0.0,0.0,0.0,0.0
1650228840000.0,0.0,0.0,0.0,0.0,0.0,0.0,0.0,0.0,0.0
1650228960000.0,0.0,0.0,0.0,0.0,0.0,0.0,0.0,0.0,0.0
1650229080000.0,0.0,0.0,0.0,0.0,0.0,0.0,0.0,0.0,0.0
1650229200000.0,0.0,0.0,0.0,0.0,0.0,0.0,0.0,0.0,0.0
1650229320000.0,0.0,0.0,0.0,0.0,0.0,0.0,0.0,0.0,0.0
1650229440000.0,0.0,0.0,0.0,0.0,0.0,0.0,0.0,0.0,0.0
1650229560000.0,0.0,0.0,0.0,0.0,0.0,0.0,0.0,0.0,0.0
1650229680000.0,0.0,0.0,0.0,0.0,0.0,0.0,0.0,0.0,0.0
1650229800000.0,0.0,0.0,0.0,0.0,0.0,0.0,0.0,0.0,0.0
1650229920000.0,0.0,0.0,0.0,0.0,0.0,0.0,0.0,0.0,0.0
1650230040000.0,0.0,0.0,0.0,0.0,0.0,0.0,0.0,0.0,0.0
1650230160000.0,0.0,0.0,0.0,0.0,0.0,0.0,0.0,0.0,0.0
1650230280000.0,0.0,0.0,0.0,0.0,0.0,0.0,0.0,0.0,0.0
1650230400000.0,0.0,0.0,0.0,0.0,0.0,0.0,0.0,0.0,0.0
1650230520000.0,0.0,0.0,0.0,0.0,0.0,0.0,0.0,0.0,0.0
1650230640000.0,0.0,0.0,0.0,0.0,0.0,0.0,0.0,0.0,0.0
1650230760000.0,0.0,0.0,0.0,0.0,0.0,0.0,0.0,0.0,0.0
1650230880000.0,0.0,0.0,0.0,0.0,0.0,0.0,0.0,0.0,0.0
1650231000000.0,0.0,0.0,0.0,0.0,0.0,0.0,0.0,0.0,0.0
1650231120000.0,0.0,0.0,0.0,0.0,0.0,0.0,0.0,0.0,0.0
1650231240000.0,0.0,0.0,0.0,0.0,0.0,0.0,0.0,0.0,0.0
1650231360000.0,0.0,0.0,0.0,0.0,0.0,0.0,0.0,0.0,0.0
1650231480000.0,0.0,0.0,0.0,0.0,0.0,0.0,0.0,0.0,0.0
1650231600000.0,0.0,0.0,0.0,0.0,0.0,0.0,0.0,0.0,0.0
1650231720000.0,0.0,0.0,0.0,0.0,0.0,0.0,0.0,0.0,0.0
1650231840000.0,0.0,0.0,0.0,0.0,0.0,0.0,0.0,0.0,0.0
1650231960000.0,0.0,0.0,0.0,0.0,0.0,0.0,0.0,0.0,0.0
1650232080000.0,0.0,0.0,0.0,0.0,0.0,0.0,0.0,0.0,0.0
1650232200000.0,0.0,0.0,0.0,0.0,0.0,0.0,0.0,0.0,0.0
1650232320000.0,0.0,0.0,0.0,0.0,0.0,0.0,0.0,0.0,0.0
1650232440000.0,0.0,0.0,0.0,0.0,0.0,0.0,0.0,0.0,0.0
1650232560000.0,0.0,0.0,0.0,0.0,0.0,0.0,0.0,0.0,0.0
1650232680000.0,0.0,0.0,0.0,0.0,0.0,0.0,0.0,0.0,0.0
1650232800000.0,0.0,0.0,0.0,0.0,0.0,0.0,0.0,0.0,0.0
1650232920000.0,0.0,0.0,0.0,0.0,0.0,0.0,0.0,0.0,0.0
1650233040000.0,0.0,0.0,0.0,0.0,0.0,0.0,0.0,0.0,0.0
1650233160000.0,0.0,0.0,0.0,0.0,0.0,0.0,0.0,0.0,0.0
1650233280000.0,0.0,0.0,0.0,0.0,0.0,0.0,0.0,0.0,0.0
1650233400000.0,0.0,0.0,0.0,0.0,0.0,0.0,0.0,0.0,0.0
1650233520000.0,0.0,0.0,0.0,0.0,0.0,0.0,0.0,0.0,0.0
1650233640000.0,0.0,0.0,0.0,0.0,0.0,0.0,0.0,0.0,0.0
1650233760000.0,0.0,0.0,0.0,0.0,0.0,0.0,0.0,0.0,0.0
1650233880000.0,0.0,0.0,0.0,0.0,0.0,0.0,0.0,0.0,0.0
1650234000000.0,0.0,0.0,0.0,0.0,0.0,0.0,0.0,0.0,0.0
1650234120000.0,0.0,0.0,0.0,0.0,0.0,0.0,0.0,0.0,0.0
1650234240000.0,0.0,0.0,0.0,0.0,0.0,0.0,0.0,0.0,0.0
1650234360000.0,0.0,0.0,0.0,0.0,0.0,0.0,0.0,0.0,0.0
1650234480000.0,0.0,0.0,0.0,0.0,0.0,0.0,0.0,0.0,0.0
1650234600000.0,0.0,0.0,0.0,0.0,0.0,0.0,0.0,0.0,0.0
1650234720000.0,0.0,0.0,0.0,0.0,0.0,0.0,0.0,0.0,0.0
1650234840000.0,0.0,0.0,0.0,0.0,0.0,0.0,0.0,0.0,0.0
1650234960000.0,0.0,0.0,0.0,0.0,0.0,0.0,0.0,0.0,0.0
1650235080000.0,0.0,0.0,0.0,0.0,0.0,0.0,0.0,0.0,0.0
1650235200000.0,0.0,0.0,0.0,0.0,0.0,0.0,0.0,0.0,0.0
1650235320000.0,0.0,0.0,0.0,0.0,0.0,0.0,0.0,0.0,0.0
1650235440000.0,0.0,0.0,0.0,0.0,0.0,0.0,0.0,0.0,0.0
1650235560000.0,0.0,0.0,0.0,0.0,0.0,0.0,0.0,0.0,0.0
1650235680000.0,0.0,0.0,0.0,0.0,0.0,0.0,0.0,0.0,0.0
1650235800000.0,0.0,0.0,0.0,0.0,0.0,0.0,0.0,0.0,0.0
1650235920000.0,0.0,0.0,0.0,0.0,0.0,0.0,0.0,0.0,0.0
1650236040000.0,0.0,0.0,0.0,0.0,0.0,0.0,0.0,0.0,0.0
1650236160000.0,0.0,0.0,0.0,0.0,0.0,0.0,0.0,0.0,0.0
1650236280000.0,0.0,0.0,0.0,0.0,0.0,0.0,0.0,0.0,0.0
1650236400000.0,0.0,0.0,0.0,0.0,0.0,0.0,0.0,0.0,0.0
1650236520000.0,0.0,0.0,0.0,0.0,0.0,0.0,0.0,0.0,0.0
1650236640000.0,0.0,0.0,0.0,0.0,0.0,0.0,0.0,0.0,0.0
1650236760000.0,0.0,0.0,0.0,0.0,0.0,0.0,0.0,0.0,0.0
1650236880000.0,0.0,0.0,0.0,0.0,0.0,0.0,0.0,0.0,0.0
1650237000000.0,0.0,0.0,0.0,0.0,0.0,0.0,0.0,0.0,0.0
1650237120000.0,0.0,0.0,0.0,0.0,0.0,0.0,0.0,0.0,0.0
1650237240000.0,0.0,0.0,0.0,0.0,0.0,0.0,0.0,0.0,0.0
1650237360000.0,0.0,0.0,0.0,0.0,0.0,0.0,0.0,0.0,0.0
1650237480000.0,0.0,0.0,0.0,0.0,0.0,0.0,0.0,0.0,0.0
1650237600000.0,0.0,0.0,0.0,0.0,0.0,0.0,0.0,0.0,0.0
1650237720000.0,0.0,0.0,0.0,0.0,0.0,0.0,0.0,0.0,0.0
1650237840000.0,0.0,0.0,0.0,0.0,0.0,0.0,0.0,0.0,0.0
1650237960000.0,0.0,0.0,0.0,0.0,0.0,0.0,0.0,0.0,0.0
1650238080000.0,0.0,0.0,0.0,0.0,0.0,0.0,0.0,0.0,0.0
1650238200000.0,0.0,0.0,0.0,0.0,0.0,0.0,0.0,0.0,0.0
1650238320000.0,0.0,0.0,0.0,0.0,0.0,0.0,0.0,0.0,0.0
1650238440000.0,0.0,0.0,0.0,0.0,0.0,0.0,0.0,0.0,0.0
1650238560000.0,0.0,0.0,0.0,0.0,0.0,0.0,0.0,0.0,0.0
1650238680000.0,0.0,0.0,0.0,0.0,0.0,0.0,0.0,0.0,0.0
1650238800000.0,0.0,0.0,0.0,0.0,0.0,0.0,0.0,0.0,0.0
1650238920000.0,0.0,0.0,0.0,0.0,0.0,0.0,0.0,0.0,0.0
1650239040000.0,0.0,0.0,0.0,0.0,0.0,0.0,0.0,0.0,0.0
1650239160000.0,0.0,0.0,0.0,0.0,0.0,0.0,0.0,0.0,0.0
1650239280000.0,0.0,0.0,0.0,0.0,0.0,0.0,0.0,0.0,0.0
1650239400000.0,0.0,0.0,0.0,0.0,0.0,0.0,0.0,0.0,0.0
1650239520000.0,0.0,0.0,0.0,0.0,0.0,0.0,0.0,0.0,0.0
1650239640000.0,0.0,0.0,0.0,0.0,0.0,0.0,0.0,0.0,0.0
1650239760000.0,0.0,0.0,0.0,0.0,0.0,0.0,0.0,0.0,0.0
1650239880000.0,0.0,0.0,0.0,0.0,0.0,0.0,0.0,0.0,0.0
1650240000000.0,0.0,0.0,0.0,0.0,0.0,0.0,0.0,0.0,0.0
1650240120000.0,0.0,0.0,0.0,0.0,0.0,0.0,0.0,0.0,0.0
1650240240000.0,0.0,0.0,0.0,0.0,0.0,0.0,0.0,0.0,0.0
1650240360000.0,0.0,0.0,0.0,0.0,0.0,0.0,0.0,0.0,0.0
1650240480000.0,0.0,0.0,0.0,0.0,0.0,0.0,0.0,0.0,0.0
1650240600000.0,0.0,0.0,0.0,0.0,0.0,0.0,0.0,0.0,0.0
1650240720000.0,0.0,0.0,0.0,0.0,0.0,0.0,0.0,0.0,0.0
1650240840000.0,0.0,0.0,0.0,0.0,0.0,0.0,0.0,0.0,0.0
1650240960000.0,0.0,0.0,0.0,0.0,0.0,0.0,0.0,0.0,0.0
1650241080000.0,0.0,0.0,0.0,0.0,0.0,0.0,0.0,0.0,0.0
1650241200000.0,0.0,0.0,0.0,0.0,0.0,0.0,0.0,0.0,0.0
1650241320000.0,0.0,0.0,0.0,0.0,0.0,0.0,0.0,0.0,0.0
1650241440000.0,0.0,0.0,0.0,0.0,0.0,0.0,0.0,0.0,0.0
1650241560000.0,0.0,0.0,0.0,0.0,0.0,0.0,0.0,0.0,0.0
1650241680000.0,0.0,0.0,0.0,0.0,0.0,0.0,0.0,0.0,0.0
1650241800000.0,0.0,0.0,0.0,0.0,0.0,0.0,0.0,0.0,0.0
1650241920000.0,0.0,0.0,0.0,0.0,0.0,0.0,0.0,0.0,0.0
1650242040000.0,0.0,0.0,0.0,0.0,0.0,0.0,0.0,0.0,0.0
1650242160000.0,0.0,0.0,0.0,0.0,0.0,0.0,0.0,0.0,0.0
1650242280000.0,0.0,0.0,0.0,0.0,0.0,0.0,0.0,0.0,0.0
1650242400000.0,0.0,0.0,0.0,0.0,0.0,0.0,0.0,0.0,0.0
1650242520000.0,0.0,0.0,0.0,0.0,0.0,0.0,0.0,0.0,0.0
1650242640000.0,0.0,0.0,0.0,0.0,0.0,0.0,0.0,0.0,0.0
1650242760000.0,0.0,0.0,0.0,0.0,0.0,0.0,0.0,0.0,0.0
1650242880000.0,0.0,0.0,0.0,0.0,0.0,0.0,0.0,0.0,0.0
1650243000000.0,0.0,0.0,0.0,0.0,0.0,0.0,0.0,0.0,0.0
1650243120000.0,0.0,0.0,0.0,0.0,0.0,0.0,0.0,0.0,0.0
1650243240000.0,0.0,0.0,0.0,0.0,0.0,0.0,0.0,0.0,0.0
1650243360000.0,0.0,0.0,0.0,0.0,0.0,0.0,0.0,0.0,0.0
1650243480000.0,0.0,0.0,0.0,0.0,0.0,0.0,0.0,0.0,0.0
1650243600000.0,0.0,0.0,0.0,0.0,0.0,0.0,0.0,0.0,0.0
1650243720000.0,0.0,0.0,0.0,0.0,0.0,0.0,0.0,0.0,0.0
1650243840000.0,0.0,0.0,0.0,0.0,0.0,0.0,0.0,0.0,0.0
1650243960000.0,0.0,0.0,0.0,0.0,0.0,0.0,0.0,0.0,0.0
1650244080000.0,0.0,0.0,0.0,0.0,0.0,0.0,0.0,0.0,0.0
1650244200000.0,0.0,0.0,0.0,0.0,0.0,0.0,0.0,0.0,0.0
1650244320000.0,0.0,0.0,0.0,0.0,0.0,0.0,0.0,0.0,0.0
1650244440000.0,0.0,0.0,0.0,0.0,0.0,0.0,0.0,0.0,0.0
1650244560000.0,0.0,0.0,0.0,0.0,0.0,0.0,0.0,0.0,0.0
1650244680000.0,0.0,0.0,0.0,0.0,0.0,0.0,0.0,0.0,0.0
1650244800000.0,0.0,0.0,0.0,0.0,0.0,0.0,0.0,0.0,0.0
1650244920000.0,0.0,0.0,0.0,0.0,0.0,0.0,0.0,0.0,0.0
1650245040000.0,0.0,0.0,0.0,0.0,0.0,0.0,0.0,0.0,0.0
1650245160000.0,0.0,0.0,0.0,0.0,0.0,0.0,0.0,0.0,0.0
1650245280000.0,0.0,0.0,0.0,0.0,0.0,0.0,0.0,0.0,0.0
1650245400000.0,0.0,0.0,0.0,0.0,0.0,0.0,0.0,0.0,0.0
1650245520000.0,0.0,0.0,0.0,0.0,0.0,0.0,0.0,0.0,0.0
1650245640000.0,0.0,0.0,0.0,0.0,0.0,0.0,0.0,0.0,0.0
1650245760000.0,0.0,0.0,0.0,0.0,0.0,0.0,0.0,0.0,0.0
1650245880000.0,0.0,0.0,0.0,0.0,0.0,0.0,0.0,0.0,0.0
1650246000000.0,0.0,0.0,0.0,0.0,0.0,0.0,0.0,0.0,0.0
1650246120000.0,0.0,0.0,0.0,0.0,0.0,0.0,0.0,0.0,0.0
1650246240000.0,0.0,0.0,0.0,0.0,0.0,0.0,0.0,0.0,0.0
1650246360000.0,0.0,0.0,0.0,0.0,0.0,0.0,0.0,0.0,0.0
1650246480000.0,0.0,0.0,0.0,0.0,0.0,0.0,0.0,0.0,0.0
1650246600000.0,0.0,0.0,0.0,0.0,0.0,0.0,0.0,0.0,0.0
1650246720000.0,0.0,0.0,0.0,0.0,0.0,0.0,0.0,0.0,0.0
1650246840000.0,0.0,0.0,0.0,0.0,0.0,0.0,0.0,0.0,0.0
1650246960000.0,0.0,0.0,0.0,0.0,0.0,0.0,0.0,0.0,0.0
1650247080000.0,0.0,0.0,0.0,0.0,0.0,0.0,0.0,0.0,0.0
1650247200000.0,0.0,0.0,0.0,0.0,0.0,0.0,0.0,0.0,0.0
1650247320000.0,0.0,0.0,0.0,0.0,0.0,0.0,0.0,0.0,0.0
1650247440000.0,0.0,0.0,0.0,0.0,0.0,0.0,0.0,0.0,0.0
1650247560000.0,0.0,0.0,0.0,0.0,0.0,0.0,0.0,0.0,0.0
1650247680000.0,0.0,0.0,0.0,0.0,0.0,0.0,0.0,0.0,0.0
1650247800000.0,0.0,0.0,0.0,0.0,0.0,0.0,0.0,0.0,0.0
1650247920000.0,0.0,0.0,0.0,0.0,0.0,0.0,0.0,0.0,0.0
1650248040000.0,0.0,0.0,0.0,0.0,0.0,0.0,0.0,0.0,0.0
1650248160000.0,0.0,0.0,0.0,0.0,0.0,0.0,0.0,0.0,0.0
1650248280000.0,0.0,0.0,0.0,0.0,0.0,0.0,0.0,0.0,0.0
1650248400000.0,0.0,0.0,0.0,0.0,0.0,0.0,0.0,0.0,0.0
1650248520000.0,0.0,0.0,0.0,0.0,0.0,0.0,0.0,0.0,0.0
1650248640000.0,0.0,0.0,0.0,0.0,0.0,0.0,0.0,0.0,0.0
1650248760000.0,0.0,0.0,0.0,0.0,0.0,0.0,0.0,0.0,0.0
1650248880000.0,0.0,0.0,0.0,0.0,0.0,0.0,0.0,0.0,0.0
1650249000000.0,0.0,0.0,0.0,0.0,0.0,0.0,0.0,0.0,0.0
1650249120000.0,0.0,0.0,0.0,0.0,0.0,0.0,0.0,0.0,0.0
1650249240000.0,0.0,0.0,0.0,0.0,0.0,0.0,0.0,0.0,0.0
1650249360000.0,0.0,0.0,0.0,0.0,0.0,0.0,0.0,0.0,0.0
1650249480000.0,0.0,0.0,0.0,0.0,0.0,0.0,0.0,0.0,0.0
1650249600000.0,0.0,0.0,0.0,0.0,0.0,0.0,0.0,0.0,0.0
1650249720000.0,0.0,0.0,0.0,0.0,0.0,0.0,0.0,0.0,0.0
1650249840000.0,0.0,0.0,0.0,0.0,0.0,0.0,0.0,0.0,0.0
1650249960000.0,0.0,0.0,0.0,0.0,0.0,0.0,0.0,0.0,0.0
1650250080000.0,0.0,0.0,0.0,0.0,0.0,0.0,0.0,0.0,0.0
1650250200000.0,0.0,0.0,0.0,0.0,0.0,0.0,0.0,0.0,0.0
1650250320000.0,0.0,0.0,0.0,0.0,0.0,0.0,0.0,0.0,0.0
1650250440000.0,0.0,0.0,0.0,0.0,0.0,0.0,0.0,0.0,0.0
1650250560000.0,0.0,0.0,0.0,0.0,0.0,0.0,0.0,0.0,0.0
1650250680000.0,0.0,0.0,0.0,0.0,0.0,0.0,0.0,0.0,0.0
1650250800000.0,0.0,0.0,0.0,0.0,0.0,0.0,0.0,0.0,0.0
1650250920000.0,0.0,0.0,0.0,0.0,0.0,0.0,0.0,0.0,0.0
1650251040000.0,0.0,0.0,0.0,0.0,0.0,0.0,0.0,0.0,0.0
1650251160000.0,0.0,0.0,0.0,0.0,0.0,0.0,0.0,0.0,0.0
1650251280000.0,0.0,0.0,0.0,0.0,0.0,0.0,0.0,0.0,0.0
1650251400000.0,0.0,0.0,0.0,0.0,0.0,0.0,0.0,0.0,0.0
1650251520000.0,0.0,0.0,0.0,0.0,0.0,0.0,0.0,0.0,0.0
1650251640000.0,0.0,0.0,0.0,0.0,0.0,0.0,0.0,0.0,0.0
1650251760000.0,0.0,0.0,0.0,0.0,0.0,0.0,0.0,0.0,0.0
1650251880000.0,0.0,0.0,0.0,0.0,0.0,0.0,0.0,0.0,0.0
1650252000000.0,0.0,0.0,0.0,0.0,0.0,0.0,0.0,0.0,0.0
1650252120000.0,0.0,0.0,0.0,0.0,0.0,0.0,0.0,0.0,0.0
1650252240000.0,0.0,0.0,0.0,0.0,0.0,0.0,0.0,0.0,0.0
1650252360000.0,0.0,0.0,0.0,0.0,0.0,0.0,0.0,0.0,0.0
1650252480000.0,0.0,0.0,0.0,0.0,0.0,0.0,0.0,0.0,0.0
1650252600000.0,0.0,0.0,0.0,0.0,0.0,0.0,0.0,0.0,0.0
1650252720000.0,0.0,0.0,0.0,0.0,0.0,0.0,0.0,0.0,0.0
1650252840000.0,0.0,0.0,0.0,0.0,0.0,0.0,0.0,0.0,0.0
1650252960000.0,0.0,0.0,0.0,0.0,0.0,0.0,0.0,0.0,0.0
1650253080000.0,0.0,0.0,0.0,0.0,0.0,0.0,0.0,0.0,0.0
1650253200000.0,0.0,0.0,0.0,0.0,0.0,0.0,0.0,0.0,0.0
1650253320000.0,0.0,0.0,0.0,0.0,0.0,0.0,0.0,0.0,0.0
1650253440000.0,0.0,0.0,0.0,0.0,0.0,0.0,0.0,0.0,0.0
1650253560000.0,0.0,0.0,0.0,0.0,0.0,0.0,0.0,0.0,0.0
1650253680000.0,0.0,0.0,0.0,0.0,0.0,0.0,0.0,0.0,0.0
1650253800000.0,0.0,0.0,0.0,0.0,0.0,0.0,0.0,0.0,0.0
1650253920000.0,0.0,0.0,0.0,0.0,0.0,0.0,0.0,0.0,0.0
1650254040000.0,0.0,0.0,0.0,0.0,0.0,0.0,0.0,0.0,0.0
1650254160000.0,0.0,0.0,0.0,0.0,0.0,0.0,0.0,0.0,0.0
1650254280000.0,0.0,0.0,0.0,0.0,0.0,0.0,0.0,0.0,0.0
1650254400000.0,0.0,0.0,0.0,0.0,0.0,0.0,0.0,0.0,0.0
1650254520000.0,0.0,0.0,0.0,0.0,0.0,0.0,0.0,0.0,0.0
1650254640000.0,0.0,0.0,0.0,0.0,0.0,0.0,0.0,0.0,0.0
1650254760000.0,0.0,0.0,0.0,0.0,0.0,0.0,0.0,0.0,0.0
1650254880000.0,0.0,0.0,0.0,0.0,0.0,0.0,0.0,0.0,0.0
1650255000000.0,0.0,0.0,0.0,0.0,0.0,0.0,0.0,0.0,0.0
1650255120000.0,0.0,0.0,0.0,0.0,0.0,0.0,0.0,0.0,0.0
1650255240000.0,0.0,0.0,0.0,0.0,0.0,0.0,0.0,0.0,0.0
1650255360000.0,0.0,0.0,0.0,0.0,0.0,0.0,0.0,0.0,0.0
1650255480000.0,0.0,0.0,0.0,0.0,0.0,0.0,0.0,0.0,0.0
1650255600000.0,0.0,0.0,0.0,0.0,0.0,0.0,0.0,0.0,0.0
1650255720000.0,0.0,0.0,0.0,0.0,0.0,0.0,0.0,0.0,0.0
1650255840000.0,0.0,0.0,0.0,0.0,0.0,0.0,0.0,0.0,0.0
1650255960000.0,0.0,0.0,0.0,0.0,0.0,0.0,0.0,0.0,0.0
1650256080000.0,0.0,0.0,0.0,0.0,0.0,0.0,0.0,0.0,0.0
1650256200000.0,0.0,0.0,0.0,0.0,0.0,0.0,0.0,0.0,0.0
1650256320000.0,0.0,0.0,0.0,0.0,0.0,0.0,0.0,0.0,0.0
1650256440000.0,0.0,0.0,0.0,0.0,0.0,0.0,0.0,0.0,0.0
1650256560000.0,0.0,0.0,0.0,0.0,0.0,0.0,0.0,0.0,0.0
1650256680000.0,0.0,0.0,0.0,0.0,0.0,0.0,0.0,0.0,0.0
1650256800000.0,0.0,0.0,0.0,0.0,0.0,0.0,0.0,0.0,0.0
1650256920000.0,0.0,0.0,0.0,0.0,0.0,0.0,0.0,0.0,0.0
1650257040000.0,0.0,0.0,0.0,0.0,0.0,0.0,0.0,0.0,0.0
1650257160000.0,0.0,0.0,0.0,0.0,0.0,0.0,0.0,0.0,0.0
1650257280000.0,0.0,0.0,0.0,0.0,0.0,0.0,0.0,0.0,0.0
1650257400000.0,0.0,0.0,0.0,0.0,0.0,0.0,0.0,0.0,0.0
1650257520000.0,0.0,0.0,0.0,0.0,0.0,0.0,0.0,0.0,0.0
1650257640000.0,0.0,0.0,0.0,0.0,0.0,0.0,0.0,0.0,0.0
1650257760000.0,0.0,0.0,0.0,0.0,0.0,0.0,0.0,0.0,0.0
1650257880000.0,0.0,0.0,0.0,0.0,0.0,0.0,0.0,0.0,0.0
1650258000000.0,0.0,0.0,0.0,0.0,0.0,0.0,0.0,0.0,0.0
1650258120000.0,0.0,0.0,0.0,0.0,0.0,0.0,0.0,0.0,0.0
1650258240000.0,0.0,0.0,0.0,0.0,0.0,0.0,0.0,0.0,0.0
1650258360000.0,0.0,0.0,0.0,0.0,0.0,0.0,0.0,0.0,0.0
1650258480000.0,0.0,0.0,0.0,0.0,0.0,0.0,0.0,0.0,0.0
1650258600000.0,0.0,0.0,0.0,0.0,0.0,0.0,0.0,0.0,0.0
1650258720000.0,0.0,0.0,0.0,0.0,0.0,0.0,0.0,0.0,0.0
1650258840000.0,0.0,0.0,0.0,0.0,0.0,0.0,0.0,0.0,0.0
1650258960000.0,0.0,0.0,0.0,0.0,0.0,0.0,0.0,0.0,0.0
1650259080000.0,0.0,0.0,0.0,0.0,0.0,0.0,0.0,0.0,0.0
1650259200000.0,0.0,0.0,0.0,0.0,0.0,0.0,0.0,0.0,0.0
1650259320000.0,0.0,0.0,0.0,0.0,0.0,0.0,0.0,0.0,0.0
1650259440000.0,0.0,0.0,0.0,0.0,0.0,0.0,0.0,0.0,0.0
1650259560000.0,0.0,0.0,0.0,0.0,0.0,0.0,0.0,0.0,0.0
1650259680000.0,0.0,0.0,0.0,0.0,0.0,0.0,0.0,0.0,0.0
1650259800000.0,0.0,0.0,0.0,0.0,0.0,0.0,0.0,0.0,0.0
1650259920000.0,0.0,0.0,0.0,0.0,0.0,0.0,0.0,0.0,0.0
1650260040000.0,0.0,0.0,0.0,0.0,0.0,0.0,0.0,0.0,0.0
1650260160000.0,0.0,0.0,0.0,0.0,0.0,0.0,0.0,0.0,0.0
1650260280000.0,0.0,0.0,0.0,0.0,0.0,0.0,0.0,0.0,0.0
1650260400000.0,0.0,0.0,0.0,0.0,0.0,0.0,0.0,0.0,0.0
1650260520000.0,0.0,0.0,0.0,0.0,0.0,0.0,0.0,0.0,0.0
1650260640000.0,0.0,0.0,0.0,0.0,0.0,0.0,0.0,0.0,0.0
1650260760000.0,0.0,0.0,0.0,0.0,0.0,0.0,0.0,0.0,0.0
1650260880000.0,0.0,0.0,0.0,0.0,0.0,0.0,0.0,0.0,0.0
1650261000000.0,0.0,0.0,0.0,0.0,0.0,0.0,0.0,0.0,0.0
1650261120000.0,0.0,0.0,0.0,0.0,0.0,0.0,0.0,0.0,0.0
1650261240000.0,0.0,0.0,0.0,0.0,0.0,0.0,0.0,0.0,0.0
1650261360000.0,0.0,0.0,0.0,0.0,0.0,0.0,0.0,0.0,0.0
1650261480000.0,0.0,0.0,0.0,0.0,0.0,0.0,0.0,0.0,0.0
1650261600000.0,0.0,0.0,0.0,0.0,0.0,0.0,0.0,0.0,0.0
1650261720000.0,0.0,0.0,0.0,0.0,0.0,0.0,0.0,0.0,0.0
1650261840000.0,0.0,0.0,0.0,0.0,0.0,0.0,0.0,0.0,0.0
1650261960000.0,0.0,0.0,0.0,0.0,0.0,0.0,0.0,0.0,0.0
1650262080000.0,0.0,0.0,0.0,0.0,0.0,0.0,0.0,0.0,0.0
1650262200000.0,0.0,0.0,0.0,0.0,0.0,0.0,0.0,0.0,0.0
1650262320000.0,0.0,0.0,0.0,0.0,0.0,0.0,0.0,0.0,0.0
1650262440000.0,0.0,0.0,0.0,0.0,0.0,0.0,0.0,0.0,0.0
1650262560000.0,0.0,0.0,0.0,0.0,0.0,0.0,0.0,0.0,0.0
1650262680000.0,0.0,0.0,0.0,0.0,0.0,0.0,0.0,0.0,0.0
1650262800000.0,0.0,0.0,0.0,0.0,0.0,0.0,0.0,0.0,0.0
1650262920000.0,0.0,0.0,0.0,0.0,0.0,0.0,0.0,0.0,0.0
1650263040000.0,0.0,0.0,0.0,0.0,0.0,0.0,0.0,0.0,0.0
1650263160000.0,0.0,0.0,0.0,0.0,0.0,0.0,0.0,0.0,0.0
1650263280000.0,0.0,0.0,0.0,0.0,0.0,0.0,0.0,0.0,0.0
1650263400000.0,0.0,0.0,0.0,0.0,0.0,0.0,0.0,0.0,0.0
1650263520000.0,0.0,0.0,0.0,0.0,0.0,0.0,0.0,0.0,0.0
1650263640000.0,0.0,0.0,0.0,0.0,0.0,0.0,0.0,0.0,0.0
1650263760000.0,0.0,0.0,0.0,0.0,0.0,0.0,0.0,0.0,0.0
1650263880000.0,0.0,0.0,0.0,0.0,0.0,0.0,0.0,0.0,0.0
1650264000000.0,0.0,0.0,0.0,0.0,0.0,0.0,0.0,0.0,0.0
1650264120000.0,0.0,0.0,0.0,0.0,0.0,0.0,0.0,0.0,0.0
1650264240000.0,0.0,0.0,0.0,0.0,0.0,0.0,0.0,0.0,0.0
1650264360000.0,0.0,0.0,0.0,0.0,0.0,0.0,0.0,0.0,0.0
1650264480000.0,0.0,0.0,0.0,0.0,0.0,0.0,0.0,0.0,0.0
1650264600000.0,0.0,0.0,0.0,0.0,0.0,0.0,0.0,0.0,0.0
1650264720000.0,0.0,0.0,0.0,0.0,0.0,0.0,0.0,0.0,0.0
1650264840000.0,0.0,0.0,0.0,0.0,0.0,0.0,0.0,0.0,0.0
1650264960000.0,0.0,0.0,0.0,0.0,0.0,0.0,0.0,0.0,0.0
1650265080000.0,0.0,0.0,0.0,0.0,0.0,0.0,0.0,0.0,0.0
1650265200000.0,0.0,0.0,0.0,0.0,0.0,0.0,0.0,0.0,0.0
1650265320000.0,0.0,0.0,0.0,0.0,0.0,0.0,0.0,0.0,0.0
1650265440000.0,0.0,0.0,0.0,0.0,0.0,0.0,0.0,0.0,0.0
1650265560000.0,0.0,0.0,0.0,0.0,0.0,0.0,0.0,0.0,0.0
1650265680000.0,0.0,0.0,0.0,0.0,0.0,0.0,0.0,0.0,0.0
1650265800000.0,0.0,0.0,0.0,0.0,0.0,0.0,0.0,0.0,0.0
1650265920000.0,0.0,0.0,0.0,0.0,0.0,0.0,0.0,0.0,0.0
1650266040000.0,0.0,0.0,0.0,0.0,0.0,0.0,0.0,0.0,0.0
1650266160000.0,0.0,0.0,0.0,0.0,0.0,0.0,0.0,0.0,0.0
1650266280000.0,0.0,0.0,0.0,0.0,0.0,0.0,0.0,0.0,0.0
1650266400000.0,0.0,0.0,0.0,0.0,0.0,0.0,0.0,0.0,0.0
1650266520000.0,0.0,0.0,0.0,0.0,0.0,0.0,0.0,0.0,0.0
1650266640000.0,0.0,0.0,0.0,0.0,0.0,0.0,0.0,0.0,0.0
1650266760000.0,0.0,0.0,0.0,0.0,0.0,0.0,0.0,0.0,0.0
1650266880000.0,0.0,0.0,0.0,0.0,0.0,0.0,0.0,0.0,0.0
1650267000000.0,0.0,0.0,0.0,0.0,0.0,0.0,0.0,0.0,0.0
1650267120000.0,0.0,0.0,0.0,0.0,0.0,0.0,0.0,0.0,0.0
1650267240000.0,0.0,0.0,0.0,0.0,0.0,0.0,0.0,0.0,0.0
1650267360000.0,0.0,0.0,0.0,0.0,0.0,0.0,0.0,0.0,0.0
1650267480000.0,0.0,0.0,0.0,0.0,0.0,0.0,0.0,0.0,0.0
1650267600000.0,0.0,0.0,0.0,0.0,0.0,0.0,0.0,0.0,0.0
1650267720000.0,0.0,0.0,0.0,0.0,0.0,0.0,0.0,0.0,0.0
1650267840000.0,0.0,0.0,0.0,0.0,0.0,0.0,0.0,0.0,0.0
1650267960000.0,0.0,0.0,0.0,0.0,0.0,0.0,0.0,0.0,0.0
1650268080000.0,0.0,0.0,0.0,0.0,0.0,0.0,0.0,0.0,0.0
1650268200000.0,0.0,0.0,0.0,0.0,0.0,0.0,0.0,0.0,0.0
1650268320000.0,0.0,0.0,0.0,0.0,0.0,0.0,0.0,0.0,0.0
1650268440000.0,0.0,0.0,0.0,0.0,0.0,0.0,0.0,0.0,0.0
1650268560000.0,0.0,0.0,0.0,0.0,0.0,0.0,0.0,0.0,0.0
1650268680000.0,0.0,0.0,0.0,0.0,0.0,0.0,0.0,0.0,0.0
1650268800000.0,0.0,0.0,0.0,0.0,0.0,0.0,0.0,0.0,0.0
1650268920000.0,0.0,0.0,0.0,0.0,0.0,0.0,0.0,0.0,0.0
1650269040000.0,0.0,0.0,0.0,0.0,0.0,0.0,0.0,0.0,0.0
1650269160000.0,0.0,0.0,0.0,0.0,0.0,0.0,0.0,0.0,0.0
1650269280000.0,0.0,0.0,0.0,0.0,0.0,0.0,0.0,0.0,0.0
1650269400000.0,0.0,0.0,0.0,0.0,0.0,0.0,0.0,0.0,0.0
1650269520000.0,0.0,0.0,0.0,0.0,0.0,0.0,0.0,0.0,0.0
1650269640000.0,0.0,0.0,0.0,0.0,0.0,0.0,0.0,0.0,0.0
1650269760000.0,0.0,0.0,0.0,0.0,0.0,0.0,0.0,0.0,0.0
1650269880000.0,0.0,0.0,0.0,0.0,0.0,0.0,0.0,0.0,0.0
1650270000000.0,0.0,0.0,0.0,0.0,0.0,0.0,0.0,0.0,0.0
1650270120000.0,0.0,0.0,0.0,0.0,0.0,0.0,0.0,0.0,0.0
1650270240000.0,0.0,0.0,0.0,0.0,0.0,0.0,0.0,0.0,0.0
1650270360000.0,0.0,0.0,0.0,0.0,0.0,0.0,0.0,0.0,0.0
1650270480000.0,0.0,0.0,0.0,0.0,0.0,0.0,0.0,0.0,0.0
1650270600000.0,0.0,0.0,0.0,0.0,0.0,0.0,0.0,0.0,0.0
1650270720000.0,0.0,0.0,0.0,0.0,0.0,0.0,0.0,0.0,0.0
1650270840000.0,0.0,0.0,0.0,0.0,0.0,0.0,0.0,0.0,0.0
1650270960000.0,0.0,0.0,0.0,0.0,0.0,0.0,0.0,0.0,0.0
1650271080000.0,0.0,0.0,0.0,0.0,0.0,0.0,0.0,0.0,0.0
1650271200000.0,0.0,0.0,0.0,0.0,0.0,0.0,0.0,0.0,0.0
1650271320000.0,0.0,0.0,0.0,0.0,0.0,0.0,0.0,0.0,0.0
1650271440000.0,0.0,0.0,0.0,0.0,0.0,0.0,0.0,0.0,0.0
1650271560000.0,0.0,0.0,0.0,0.0,0.0,0.0,0.0,0.0,0.0
1650271680000.0,0.0,0.0,0.0,0.0,0.0,0.0,0.0,0.0,0.0
1650271800000.0,0.0,0.0,0.0,0.0,0.0,0.0,0.0,0.0,0.0
1650271920000.0,0.0,0.0,0.0,0.0,0.0,0.0,0.0,0.0,0.0
1650272040000.0,0.0,0.0,0.0,0.0,0.0,0.0,0.0,0.0,0.0
1650272160000.0,0.0,0.0,0.0,0.0,0.0,0.0,0.0,0.0,0.0
1650272280000.0,0.0,0.0,0.0,0.0,0.0,0.0,0.0,0.0,0.0
1650272400000.0,0.0,0.0,0.0,0.0,0.0,0.0,0.0,0.0,0.0
1650272520000.0,0.0,0.0,0.0,0.0,0.0,0.0,0.0,0.0,0.0
1650272640000.0,0.0,0.0,0.0,0.0,0.0,0.0,0.0,0.0,0.0
1650272760000.0,0.0,0.0,0.0,0.0,0.0,0.0,0.0,0.0,0.0
1650272880000.0,0.0,0.0,0.0,0.0,0.0,0.0,0.0,0.0,0.0
1650273000000.0,0.0,0.0,0.0,0.0,0.0,0.0,0.0,0.0,0.0
1650273120000.0,0.0,0.0,0.0,0.0,0.0,0.0,0.0,0.0,0.0
1650273240000.0,0.0,0.0,0.0,0.0,0.0,0.0,0.0,0.0,0.0
1650273360000.0,0.0,0.0,0.0,0.0,0.0,0.0,0.0,0.0,0.0
1650273480000.0,0.0,0.0,0.0,0.0,0.0,0.0,0.0,0.0,0.0
1650273600000.0,0.0,0.0,0.0,0.0,0.0,0.0,0.0,0.0,0.0
1650273720000.0,0.0,0.0,0.0,0.0,0.0,0.0,0.0,0.0,0.0
1650273840000.0,0.0,0.0,0.0,0.0,0.0,0.0,0.0,0.0,0.0
1650273960000.0,0.0,0.0,0.0,0.0,0.0,0.0,0.0,0.0,0.0
1650274080000.0,0.0,0.0,0.0,0.0,0.0,0.0,0.0,0.0,0.0
1650274200000.0,0.0,0.0,0.0,0.0,0.0,0.0,0.0,0.0,0.0
1650274320000.0,0.0,0.0,0.0,0.0,0.0,0.0,0.0,0.0,0.0
1650274440000.0,0.0,0.0,0.0,0.0,0.0,0.0,0.0,0.0,0.0
1650274560000.0,0.0,0.0,0.0,0.0,0.0,0.0,0.0,0.0,0.0
1650274680000.0,0.0,0.0,0.0,0.0,0.0,0.0,0.0,0.0,0.0
1650274800000.0,0.0,0.0,0.0,0.0,0.0,0.0,0.0,0.0,0.0
1650274920000.0,0.0,0.0,0.0,0.0,0.0,0.0,0.0,0.0,0.0
1650275040000.0,0.0,0.0,0.0,0.0,0.0,0.0,0.0,0.0,0.0
1650275160000.0,0.0,0.0,0.0,0.0,0.0,0.0,0.0,0.0,0.0
1650275280000.0,0.0,0.0,0.0,0.0,0.0,0.0,0.0,0.0,0.0
1650275400000.0,0.0,0.0,0.0,0.0,0.0,0.0,0.0,0.0,0.0
1650275520000.0,0.0,0.0,0.0,0.0,0.0,0.0,0.0,0.0,0.0
1650275640000.0,0.0,0.0,0.0,0.0,0.0,0.0,0.0,0.0,0.0
1650275760000.0,0.0,0.0,0.0,0.0,0.0,0.0,0.0,0.0,0.0
1650275880000.0,0.0,0.0,0.0,0.0,0.0,0.0,0.0,0.0,0.0
1650276000000.0,0.0,0.0,0.0,0.0,0.0,0.0,0.0,0.0,0.0
1650276120000.0,0.0,0.0,0.0,0.0,0.0,0.0,0.0,0.0,0.0
1650276240000.0,0.0,0.0,0.0,0.0,0.0,0.0,0.0,0.0,0.0
1650276360000.0,0.0,0.0,0.0,0.0,0.0,0.0,0.0,0.0,0.0
1650276480000.0,0.0,0.0,0.0,0.0,0.0,0.0,0.0,0.0,0.0
1650276600000.0,0.0,0.0,0.0,0.0,0.0,0.0,0.0,0.0,0.0
1650276720000.0,0.0,0.0,0.0,0.0,0.0,0.0,0.0,0.0,0.0
1650276840000.0,0.0,0.0,0.0,0.0,0.0,0.0,0.0,0.0,0.0
1650276960000.0,0.0,0.0,0.0,0.0,0.0,0.0,0.0,0.0,0.0
1650277080000.0,0.0,0.0,0.0,0.0,0.0,0.0,0.0,0.0,0.0
1650277200000.0,0.0,0.0,0.0,0.0,0.0,0.0,0.0,0.0,0.0
1650277320000.0,0.0,0.0,0.0,0.0,0.0,0.0,0.0,0.0,0.0
1650277440000.0,0.0,0.0,0.0,0.0,0.0,0.0,0.0,0.0,0.0
1650277560000.0,0.0,0.0,0.0,0.0,0.0,0.0,0.0,0.0,0.0
1650277680000.0,0.0,0.0,0.0,0.0,0.0,0.0,0.0,0.0,0.0
1650277800000.0,0.0,0.0,0.0,0.0,0.0,0.0,0.0,0.0,0.0
1650277920000.0,0.0,0.0,0.0,0.0,0.0,0.0,0.0,0.0,0.0
1650278040000.0,0.0,0.0,0.0,0.0,0.0,0.0,0.0,0.0,0.0
1650278160000.0,0.0,0.0,0.0,0.0,0.0,0.0,0.0,0.0,0.0
1650278280000.0,0.0,0.0,0.0,0.0,0.0,0.0,0.0,0.0,0.0
1650278400000.0,0.0,0.0,0.0,0.0,0.0,0.0,0.0,0.0,0.0
1650278520000.0,0.0,0.0,0.0,0.0,0.0,0.0,0.0,0.0,0.0
1650278640000.0,0.0,0.0,0.0,0.0,0.0,0.0,0.0,0.0,0.0
1650278760000.0,0.0,0.0,0.0,0.0,0.0,0.0,0.0,0.0,0.0
1650278880000.0,0.0,0.0,0.0,0.0,0.0,0.0,0.0,0.0,0.0
1650279000000.0,0.0,0.0,0.0,0.0,0.0,0.0,0.0,0.0,0.0
1650279120000.0,0.0,0.0,0.0,0.0,0.0,0.0,0.0,0.0,0.0
1650279240000.0,0.0,0.0,0.0,0.0,0.0,0.0,0.0,0.0,0.0
1650279360000.0,0.0,0.0,0.0,0.0,0.0,0.0,0.0,0.0,0.0
1650279480000.0,0.0,0.0,0.0,0.0,0.0,0.0,0.0,0.0,0.0
1650279600000.0,0.0,0.0,0.0,0.0,0.0,0.0,0.0,0.0,0.0
1650279720000.0,0.0,0.0,0.0,0.0,0.0,0.0,0.0,0.0,0.0
1650279840000.0,0.0,0.0,0.0,0.0,0.0,0.0,0.0,0.0,0.0
1650279960000.0,0.0,0.0,0.0,0.0,0.0,0.0,0.0,0.0,0.0
1650280080000.0,0.0,0.0,0.0,0.0,0.0,0.0,0.0,0.0,0.0
1650280200000.0,0.0,0.0,0.0,0.0,0.0,0.0,0.0,0.0,0.0
1650280320000.0,0.0,0.0,0.0,0.0,0.0,0.0,0.0,0.0,0.0
1650280440000.0,0.0,0.0,0.0,0.0,0.0,0.0,0.0,0.0,0.0
1650280560000.0,0.0,0.0,0.0,0.0,0.0,0.0,0.0,0.0,0.0
1650280680000.0,0.0,0.0,0.0,0.0,0.0,0.0,0.0,0.0,0.0
1650280800000.0,0.0,0.0,0.0,0.0,0.0,0.0,0.0,0.0,0.0
1650280920000.0,0.0,0.0,0.0,0.0,0.0,0.0,0.0,0.0,0.0
1650281040000.0,0.0,0.0,0.0,0.0,0.0,0.0,0.0,0.0,0.0
1650281160000.0,0.0,0.0,0.0,0.0,0.0,0.0,0.0,0.0,0.0
1650281280000.0,0.0,0.0,0.0,0.0,0.0,0.0,0.0,0.0,0.0
1650281400000.0,0.0,0.0,0.0,0.0,0.0,0.0,0.0,0.0,0.0
1650281520000.0,0.0,0.0,0.0,0.0,0.0,0.0,0.0,0.0,0.0
1650281640000.0,0.0,0.0,0.0,0.0,0.0,0.0,0.0,0.0,0.0
1650281760000.0,0.0,0.0,0.0,0.0,0.0,0.0,0.0,0.0,0.0
1650281880000.0,0.0,0.0,0.0,0.0,0.0,0.0,0.0,0.0,0.0
1650282000000.0,0.0,0.0,0.0,0.0,0.0,0.0,0.0,0.0,0.0
1650282120000.0,0.0,0.0,0.0,0.0,0.0,0.0,0.0,0.0,0.0
1650282240000.0,0.0,0.0,0.0,0.0,0.0,0.0,0.0,0.0,0.0
1650282360000.0,0.0,0.0,0.0,0.0,0.0,0.0,0.0,0.0,0.0
1650282480000.0,0.0,0.0,0.0,0.0,0.0,0.0,0.0,0.0,0.0
1650282600000.0,0.0,0.0,0.0,0.0,0.0,0.0,0.0,0.0,0.0
1650282720000.0,0.0,0.0,0.0,0.0,0.0,0.0,0.0,0.0,0.0
1650282840000.0,0.0,0.0,0.0,0.0,0.0,0.0,0.0,0.0,0.0
1650282960000.0,0.0,0.0,0.0,0.0,0.0,0.0,0.0,0.0,0.0
1650283080000.0,0.0,0.0,0.0,0.0,0.0,0.0,0.0,0.0,0.0
1650283200000.0,0.0,0.0,0.0,0.0,0.0,0.0,0.0,0.0,0.0
1650283320000.0,0.0,0.0,0.0,0.0,0.0,0.0,0.0,0.0,0.0
1650283440000.0,0.0,0.0,0.0,0.0,0.0,0.0,0.0,0.0,0.0
1650283560000.0,0.0,0.0,0.0,0.0,0.0,0.0,0.0,0.0,0.0
1650283680000.0,0.0,0.0,0.0,0.0,0.0,0.0,0.0,0.0,0.0
1650283800000.0,0.0,0.0,0.0,0.0,0.0,0.0,0.0,0.0,0.0
1650283920000.0,0.0,0.0,0.0,0.0,0.0,0.0,0.0,0.0,0.0
1650284040000.0,0.0,0.0,0.0,0.0,0.0,0.0,0.0,0.0,0.0
1650284160000.0,0.0,0.0,0.0,0.0,0.0,0.0,0.0,0.0,0.0
1650284280000.0,0.0,0.0,0.0,0.0,0.0,0.0,0.0,0.0,0.0
1650284400000.0,0.0,0.0,0.0,0.0,0.0,0.0,0.0,0.0,0.0
1650284520000.0,0.0,0.0,0.0,0.0,0.0,0.0,0.0,0.0,0.0
1650284640000.0,0.0,0.0,0.0,0.0,0.0,0.0,0.0,0.0,0.0
1650284760000.0,0.0,0.0,0.0,0.0,0.0,0.0,0.0,0.0,0.0
1650284880000.0,0.0,0.0,0.0,0.0,0.0,0.0,0.0,0.0,0.0
1650285000000.0,0.0,0.0,0.0,0.0,0.0,0.0,0.0,0.0,0.0
1650285120000.0,0.0,0.0,0.0,0.0,0.0,0.0,0.0,0.0,0.0
1650285240000.0,0.0,0.0,0.0,0.0,0.0,0.0,0.0,0.0,0.0
1650285360000.0,0.0,0.0,0.0,0.0,0.0,0.0,0.0,0.0,0.0
1650285480000.0,0.0,0.0,0.0,0.0,0.0,0.0,0.0,0.0,0.0
1650285600000.0,0.0,0.0,0.0,0.0,0.0,0.0,0.0,0.0,0.0
1650285720000.0,0.0,0.0,0.0,0.0,0.0,0.0,0.0,0.0,0.0
1650285840000.0,0.0,0.0,0.0,0.0,0.0,0.0,0.0,0.0,0.0
1650285960000.0,0.0,0.0,0.0,0.0,0.0,0.0,0.0,0.0,0.0
1650286080000.0,0.0,0.0,0.0,0.0,0.0,0.0,0.0,0.0,0.0
1650286200000.0,0.0,0.0,0.0,0.0,0.0,0.0,0.0,0.0,0.0
1650286320000.0,0.0,0.0,0.0,0.0,0.0,0.0,0.0,0.0,0.0
1650286440000.0,0.0,0.0,0.0,0.0,0.0,0.0,0.0,0.0,0.0
1650286560000.0,0.0,0.0,0.0,0.0,0.0,0.0,0.0,0.0,0.0
1650286680000.0,0.0,0.0,0.0,0.0,0.0,0.0,0.0,0.0,0.0
1650286800000.0,0.0,0.0,0.0,0.0,0.0,0.0,0.0,0.0,0.0
1650286920000.0,0.0,0.0,0.0,0.0,0.0,0.0,0.0,0.0,0.0
1650287040000.0,0.0,0.0,0.0,0.0,0.0,0.0,0.0,0.0,0.0
1650287160000.0,0.0,0.0,0.0,0.0,0.0,0.0,0.0,0.0,0.0
1650287280000.0,0.0,0.0,0.0,0.0,0.0,0.0,0.0,0.0,0.0
1650287400000.0,0.0,0.0,0.0,0.0,0.0,0.0,0.0,0.0,0.0
1650287520000.0,0.0,0.0,0.0,0.0,0.0,0.0,0.0,0.0,0.0
1650287640000.0,0.0,0.0,0.0,0.0,0.0,0.0,0.0,0.0,0.0
1650287760000.0,0.0,0.0,0.0,0.0,0.0,0.0,0.0,0.0,0.0
1650287880000.0,0.0,0.0,0.0,0.0,0.0,0.0,0.0,0.0,0.0
1650288000000.0,0.0,0.0,0.0,0.0,0.0,0.0,0.0,0.0,0.0
1650288120000.0,0.0,0.0,0.0,0.0,0.0,0.0,0.0,0.0,0.0
1650288240000.0,0.0,0.0,0.0,0.0,0.0,0.0,0.0,0.0,0.0
1650288360000.0,0.0,0.0,0.0,0.0,0.0,0.0,0.0,0.0,0.0
1650288480000.0,0.0,0.0,0.0,0.0,0.0,0.0,0.0,0.0,0.0
1650288600000.0,0.0,0.0,0.0,0.0,0.0,0.0,0.0,0.0,0.0
1650288720000.0,0.0,0.0,0.0,0.0,0.0,0.0,0.0,0.0,0.0
1650288840000.0,0.0,0.0,0.0,0.0,0.0,0.0,0.0,0.0,0.0
1650288960000.0,0.0,0.0,0.0,0.0,0.0,0.0,0.0,0.0,0.0
1650289080000.0,0.0,0.0,0.0,0.0,0.0,0.0,0.0,0.0,0.0
1650289200000.0,0.0,0.0,0.0,0.0,0.0,0.0,0.0,0.0,0.0
1650289320000.0,0.0,0.0,0.0,0.0,0.0,0.0,0.0,0.0,0.0
1650289440000.0,0.0,0.0,0.0,0.0,0.0,0.0,0.0,0.0,0.0
1650289560000.0,0.0,0.0,0.0,0.0,0.0,0.0,0.0,0.0,0.0
1650289680000.0,0.0,0.0,0.0,0.0,0.0,0.0,0.0,0.0,0.0
1650289800000.0,0.0,0.0,0.0,0.0,0.0,0.0,0.0,0.0,0.0
1650289920000.0,0.0,0.0,0.0,0.0,0.0,0.0,0.0,0.0,0.0
1650290040000.0,0.0,0.0,0.0,0.0,0.0,0.0,0.0,0.0,0.0
1650290160000.0,0.0,0.0,0.0,0.0,0.0,0.0,0.0,0.0,0.0
1650290280000.0,0.0,0.0,0.0,0.0,0.0,0.0,0.0,0.0,0.0
1650290400000.0,0.0,0.0,0.0,0.0,0.0,0.0,0.0,0.0,0.0
1650290520000.0,0.0,0.0,0.0,0.0,0.0,0.0,0.0,0.0,0.0
1650290640000.0,0.0,0.0,0.0,0.0,0.0,0.0,0.0,0.0,0.0
1650290760000.0,0.0,0.0,0.0,0.0,0.0,0.0,0.0,0.0,0.0
1650290880000.0,0.0,0.0,0.0,0.0,0.0,0.0,0.0,0.0,0.0
1650291000000.0,0.0,0.0,0.0,0.0,0.0,0.0,0.0,0.0,0.0
1650291120000.0,0.0,0.0,0.0,0.0,0.0,0.0,0.0,0.0,0.0
1650291240000.0,0.0,0.0,0.0,0.0,0.0,0.0,0.0,0.0,0.0
1650291360000.0,0.0,0.0,0.0,0.0,0.0,0.0,0.0,0.0,0.0
1650291480000.0,0.0,0.0,0.0,0.0,0.0,0.0,0.0,0.0,0.0
1650291600000.0,0.0,0.0,0.0,0.0,0.0,0.0,0.0,0.0,0.0
1650291720000.0,0.0,0.0,0.0,0.0,0.0,0.0,0.0,0.0,0.0
1650291840000.0,0.0,0.0,0.0,0.0,0.0,0.0,0.0,0.0,0.0
1650291960000.0,0.0,0.0,0.0,0.0,0.0,0.0,0.0,0.0,0.0
1650292080000.0,0.0,0.0,0.0,0.0,0.0,0.0,0.0,0.0,0.0
1650292200000.0,0.0,0.0,0.0,0.0,0.0,0.0,0.0,0.0,0.0
1650292320000.0,0.0,0.0,0.0,0.0,0.0,0.0,0.0,0.0,0.0
1650292440000.0,0.0,0.0,0.0,0.0,0.0,0.0,0.0,0.0,0.0
1650292560000.0,0.0,0.0,0.0,0.0,0.0,0.0,0.0,0.0,0.0
1650292680000.0,0.0,0.0,0.0,0.0,0.0,0.0,0.0,0.0,0.0
1650292800000.0,0.0,0.0,0.0,0.0,0.0,0.0,0.0,0.0,0.0
1650292920000.0,0.0,0.0,0.0,0.0,0.0,0.0,0.0,0.0,0.0
1650293040000.0,0.0,0.0,0.0,0.0,0.0,0.0,0.0,0.0,0.0
1650293160000.0,0.0,0.0,0.0,0.0,0.0,0.0,0.0,0.0,0.0
1650293280000.0,0.0,0.0,0.0,0.0,0.0,0.0,0.0,0.0,0.0
1650293400000.0,0.0,0.0,0.0,0.0,0.0,0.0,0.0,0.0,0.0
1650293520000.0,0.0,0.0,0.0,0.0,0.0,0.0,0.0,0.0,0.0
1650293640000.0,0.0,0.0,0.0,0.0,0.0,0.0,0.0,0.0,0.0
1650293760000.0,0.0,0.0,0.0,0.0,0.0,0.0,0.0,0.0,0.0
1650293880000.0,0.0,0.0,0.0,0.0,0.0,0.0,0.0,0.0,0.0
1650294000000.0,0.0,0.0,0.0,0.0,0.0,0.0,0.0,0.0,0.0
1650294120000.0,0.0,0.0,0.0,0.0,0.0,0.0,0.0,0.0,0.0
1650294240000.0,0.0,0.0,0.0,0.0,0.0,0.0,0.0,0.0,0.0
1650294360000.0,0.0,0.0,0.0,0.0,0.0,0.0,0.0,0.0,0.0
1650294480000.0,0.0,0.0,0.0,0.0,0.0,0.0,0.0,0.0,0.0
1650294600000.0,0.0,0.0,0.0,0.0,0.0,0.0,0.0,0.0,0.0
1650294720000.0,0.0,0.0,0.0,0.0,0.0,0.0,0.0,0.0,0.0
1650294840000.0,0.0,0.0,0.0,0.0,0.0,0.0,0.0,0.0,0.0
1650294960000.0,0.0,0.0,0.0,0.0,0.0,0.0,0.0,0.0,0.0
1650295080000.0,0.0,0.0,0.0,0.0,0.0,0.0,0.0,0.0,0.0
1650295200000.0,0.0,0.0,0.0,0.0,0.0,0.0,0.0,0.0,0.0
1650295320000.0,0.0,0.0,0.0,0.0,0.0,0.0,0.0,0.0,0.0
1650295440000.0,0.0,0.0,0.0,0.0,0.0,0.0,0.0,0.0,0.0
1650295560000.0,0.0,0.0,0.0,0.0,0.0,0.0,0.0,0.0,0.0
1650295680000.0,0.0,0.0,0.0,0.0,0.0,0.0,0.0,0.0,0.0
1650295800000.0,0.0,0.0,0.0,0.0,0.0,0.0,0.0,0.0,0.0
1650295920000.0,0.0,0.0,0.0,0.0,0.0,0.0,0.0,0.0,0.0
1650296040000.0,0.0,0.0,0.0,0.0,0.0,0.0,0.0,0.0,0.0
1650296160000.0,0.0,0.0,0.0,0.0,0.0,0.0,0.0,0.0,0.0
1650296280000.0,0.0,0.0,0.0,0.0,0.0,0.0,0.0,0.0,0.0
1650296400000.0,0.0,0.0,0.0,0.0,0.0,0.0,0.0,0.0,0.0
1650296520000.0,0.0,0.0,0.0,0.0,0.0,0.0,0.0,0.0,0.0
1650296640000.0,0.0,0.0,0.0,0.0,0.0,0.0,0.0,0.0,0.0
1650296760000.0,0.0,0.0,0.0,0.0,0.0,0.0,0.0,0.0,0.0
1650296880000.0,0.0,0.0,0.0,0.0,0.0,0.0,0.0,0.0,0.0
1650297000000.0,0.0,0.0,0.0,0.0,0.0,0.0,0.0,0.0,0.0
1650297120000.0,0.0,0.0,0.0,0.0,0.0,0.0,0.0,0.0,0.0
1650297240000.0,0.0,0.0,0.0,0.0,0.0,0.0,0.0,0.0,0.0
1650297360000.0,0.0,0.0,0.0,0.0,0.0,0.0,0.0,0.0,0.0
1650297480000.0,0.0,0.0,0.0,0.0,0.0,0.0,0.0,0.0,0.0
1650297600000.0,0.0,0.0,0.0,0.0,0.0,0.0,0.0,0.0,0.0
1650297720000.0,0.0,0.0,0.0,0.0,0.0,0.0,0.0,0.0,0.0
1650297840000.0,0.0,0.0,0.0,0.0,0.0,0.0,0.0,0.0,0.0
1650297960000.0,0.0,0.0,0.0,0.0,0.0,0.0,0.0,0.0,0.0
1650298080000.0,0.0,0.0,0.0,0.0,0.0,0.0,0.0,0.0,0.0
1650298200000.0,0.0,0.0,0.0,0.0,0.0,0.0,0.0,0.0,0.0
1650298320000.0,0.0,0.0,0.0,0.0,0.0,0.0,0.0,0.0,0.0
1650298440000.0,0.0,0.0,0.0,0.0,0.0,0.0,0.0,0.0,0.0
1650298560000.0,0.0,0.0,0.0,0.0,0.0,0.0,0.0,0.0,0.0
1650298680000.0,0.0,0.0,0.0,0.0,0.0,0.0,0.0,0.0,0.0
1650298800000.0,0.0,0.0,0.0,0.0,0.0,0.0,0.0,0.0,0.0
1650298920000.0,0.0,0.0,0.0,0.0,0.0,0.0,0.0,0.0,0.0
1650299040000.0,0.0,0.0,0.0,0.0,0.0,0.0,0.0,0.0,0.0
1650299160000.0,0.0,0.0,0.0,0.0,0.0,0.0,0.0,0.0,0.0
1650299280000.0,0.0,0.0,0.0,0.0,0.0,0.0,0.0,0.0,0.0
1650299400000.0,0.0,0.0,0.0,0.0,0.0,0.0,0.0,0.0,0.0
1650299520000.0,0.0,0.0,0.0,0.0,0.0,0.0,0.0,0.0,0.0
1650299640000.0,0.0,0.0,0.0,0.0,0.0,0.0,0.0,0.0,0.0
1650299760000.0,0.0,0.0,0.0,0.0,0.0,0.0,0.0,0.0,0.0
1650299880000.0,0.0,0.0,0.0,0.0,0.0,0.0,0.0,0.0,0.0
1650300000000.0,0.0,0.0,0.0,0.0,0.0,0.0,0.0,0.0,0.0
1650300120000.0,0.0,0.0,0.0,0.0,0.0,0.0,0.0,0.0,0.0
1650300240000.0,0.0,0.0,0.0,0.0,0.0,0.0,0.0,0.0,0.0
1650300360000.0,0.0,0.0,0.0,0.0,0.0,0.0,0.0,0.0,0.0
1650300480000.0,0.0,0.0,0.0,0.0,0.0,0.0,0.0,0.0,0.0
1650300600000.0,0.0,0.0,0.0,0.0,0.0,0.0,0.0,0.0,0.0
1650300720000.0,0.0,0.0,0.0,0.0,0.0,0.0,0.0,0.0,0.0
1650300840000.0,0.0,0.0,0.0,0.0,0.0,0.0,0.0,0.0,0.0
1650300960000.0,0.0,0.0,0.0,0.0,0.0,0.0,0.0,0.0,0.0
1650301080000.0,0.0,0.0,0.0,0.0,0.0,0.0,0.0,0.0,0.0
1650301200000.0,0.0,0.0,0.0,0.0,0.0,0.0,0.0,0.0,0.0
1650301320000.0,0.0,0.0,0.0,0.0,0.0,0.0,0.0,0.0,0.0
1650301440000.0,0.0,0.0,0.0,0.0,0.0,0.0,0.0,0.0,0.0
1650301560000.0,0.0,0.0,0.0,0.0,0.0,0.0,0.0,0.0,0.0
1650301680000.0,0.0,0.0,0.0,0.0,0.0,0.0,0.0,0.0,0.0
1650301800000.0,0.0,0.0,0.0,0.0,0.0,0.0,0.0,0.0,0.0
1650301920000.0,0.0,0.0,0.0,0.0,0.0,0.0,0.0,0.0,0.0
1650302040000.0,0.0,0.0,0.0,0.0,0.0,0.0,0.0,0.0,0.0
1650302160000.0,0.0,0.0,0.0,0.0,0.0,0.0,0.0,0.0,0.0
1650302280000.0,0.0,0.0,0.0,0.0,0.0,0.0,0.0,0.0,0.0
1650302400000.0,0.0,0.0,0.0,0.0,0.0,0.0,0.0,0.0,0.0
1650302520000.0,0.0,0.0,0.0,0.0,0.0,0.0,0.0,0.0,0.0
1650302640000.0,0.0,0.0,0.0,0.0,0.0,0.0,0.0,0.0,0.0
1650302760000.0,0.0,0.0,0.0,0.0,0.0,0.0,0.0,0.0,0.0
1650302880000.0,0.0,0.0,0.0,0.0,0.0,0.0,0.0,0.0,0.0
1650303000000.0,0.0,0.0,0.0,0.0,0.0,0.0,0.0,0.0,0.0
1650303120000.0,0.0,0.0,0.0,0.0,0.0,0.0,0.0,0.0,0.0
1650303240000.0,0.0,0.0,0.0,0.0,0.0,0.0,0.0,0.0,0.0
1650303360000.0,0.0,0.0,0.0,0.0,0.0,0.0,0.0,0.0,0.0
1650303480000.0,0.0,0.0,0.0,0.0,0.0,0.0,0.0,0.0,0.0
1650303600000.0,0.0,0.0,0.0,0.0,0.0,0.0,0.0,0.0,0.0
1650303720000.0,0.0,0.0,0.0,0.0,0.0,0.0,0.0,0.0,0.0
1650303840000.0,0.0,0.0,0.0,0.0,0.0,0.0,0.0,0.0,0.0
1650303960000.0,0.0,0.0,0.0,0.0,0.0,0.0,0.0,0.0,0.0
1650304080000.0,0.0,0.0,0.0,0.0,0.0,0.0,0.0,0.0,0.0
1650304200000.0,0.0,0.0,0.0,0.0,0.0,0.0,0.0,0.0,0.0
1650304320000.0,0.0,0.0,0.0,0.0,0.0,0.0,0.0,0.0,0.0
1650304440000.0,0.0,0.0,0.0,0.0,0.0,0.0,0.0,0.0,0.0
1650304560000.0,0.0,0.0,0.0,0.0,0.0,0.0,0.0,0.0,0.0
1650304680000.0,0.0,0.0,0.0,0.0,0.0,0.0,0.0,0.0,0.0
1650304800000.0,0.0,0.0,0.0,0.0,0.0,0.0,0.0,0.0,0.0
1650304920000.0,0.0,0.0,0.0,0.0,0.0,0.0,0.0,0.0,0.0
1650305040000.0,0.0,0.0,0.0,0.0,0.0,0.0,0.0,0.0,0.0
1650305160000.0,0.0,0.0,0.0,0.0,0.0,0.0,0.0,0.0,0.0
1650305280000.0,0.0,0.0,0.0,0.0,0.0,0.0,0.0,0.0,0.0
1650305400000.0,0.0,0.0,0.0,0.0,0.0,0.0,0.0,0.0,0.0
1650305520000.0,0.0,0.0,0.0,0.0,0.0,0.0,0.0,0.0,0.0
1650305640000.0,0.0,0.0,0.0,0.0,0.0,0.0,0.0,0.0,0.0
1650305760000.0,0.0,0.0,0.0,0.0,0.0,0.0,0.0,0.0,0.0
1650305880000.0,0.0,0.0,0.0,0.0,0.0,0.0,0.0,0.0,0.0
1650306000000.0,0.0,0.0,0.0,0.0,0.0,0.0,0.0,0.0,0.0
1650306120000.0,0.0,0.0,0.0,0.0,0.0,0.0,0.0,0.0,0.0
1650306240000.0,0.0,0.0,0.0,0.0,0.0,0.0,0.0,0.0,0.0
1650306360000.0,0.0,0.0,0.0,0.0,0.0,0.0,0.0,0.0,0.0
1650306480000.0,0.0,0.0,0.0,0.0,0.0,0.0,0.0,0.0,0.0
1650306600000.0,0.0,0.0,0.0,0.0,0.0,0.0,0.0,0.0,0.0
1650306720000.0,0.0,0.0,0.0,0.0,0.0,0.0,0.0,0.0,0.0
1650306840000.0,0.0,0.0,0.0,0.0,0.0,0.0,0.0,0.0,0.0
1650306960000.0,0.0,0.0,0.0,0.0,0.0,0.0,0.0,0.0,0.0
1650307080000.0,0.0,0.0,0.0,0.0,0.0,0.0,0.0,0.0,0.0
1650307200000.0,0.0,0.0,0.0,0.0,0.0,0.0,0.0,0.0,0.0
1650307320000.0,0.0,0.0,0.0,0.0,0.0,0.0,0.0,0.0,0.0
1650307440000.0,0.0,0.0,0.0,0.0,0.0,0.0,0.0,0.0,0.0
1650307560000.0,0.0,0.0,0.0,0.0,0.0,0.0,0.0,0.0,0.0
1650307680000.0,0.0,0.0,0.0,0.0,0.0,0.0,0.0,0.0,0.0
1650307800000.0,0.0,0.0,0.0,0.0,0.0,0.0,0.0,0.0,0.0
1650307920000.0,0.0,0.0,0.0,0.0,0.0,0.0,0.0,0.0,0.0
1650308040000.0,0.0,0.0,0.0,0.0,0.0,0.0,0.0,0.0,0.0
1650308160000.0,0.0,0.0,0.0,0.0,0.0,0.0,0.0,0.0,0.0
1650308280000.0,0.0,0.0,0.0,0.0,0.0,0.0,0.0,0.0,0.0
1650308400000.0,0.0,0.0,0.0,0.0,0.0,0.0,0.0,0.0,0.0
1650308520000.0,0.0,0.0,0.0,0.0,0.0,0.0,0.0,0.0,0.0
1650308640000.0,0.0,0.0,0.0,0.0,0.0,0.0,0.0,0.0,0.0
1650308760000.0,0.0,0.0,0.0,0.0,0.0,0.0,0.0,0.0,0.0
1650308880000.0,0.0,0.0,0.0,0.0,0.0,0.0,0.0,0.0,0.0
1650309000000.0,0.0,0.0,0.0,0.0,0.0,0.0,0.0,0.0,0.0
1650309120000.0,0.0,0.0,0.0,0.0,0.0,0.0,0.0,0.0,0.0
1650309240000.0,0.0,0.0,0.0,0.0,0.0,0.0,0.0,0.0,0.0
1650309360000.0,0.0,0.0,0.0,0.0,0.0,0.0,0.0,0.0,0.0
1650309480000.0,0.0,0.0,0.0,0.0,0.0,0.0,0.0,0.0,0.0
1650309600000.0,0.0,0.0,0.0,0.0,0.0,0.0,0.0,0.0,0.0
1650309720000.0,0.0,0.0,0.0,0.0,0.0,0.0,0.0,0.0,0.0
1650309840000.0,0.0,0.0,0.0,0.0,0.0,0.0,0.0,0.0,0.0
1650309960000.0,0.0,0.0,0.0,0.0,0.0,0.0,0.0,0.0,0.0
1650310080000.0,0.0,0.0,0.0,0.0,0.0,0.0,0.0,0.0,0.0
1650310200000.0,0.0,0.0,0.0,0.0,0.0,0.0,0.0,0.0,0.0
1650310320000.0,0.0,0.0,0.0,0.0,0.0,0.0,0.0,0.0,0.0
1650310440000.0,0.0,0.0,0.0,0.0,0.0,0.0,0.0,0.0,0.0
1650310560000.0,0.0,0.0,0.0,0.0,0.0,0.0,0.0,0.0,0.0
1650310680000.0,0.0,0.0,0.0,0.0,0.0,0.0,0.0,0.0,0.0
1650310800000.0,0.0,0.0,0.0,0.0,0.0,0.0,0.0,0.0,0.0
1650310920000.0,0.0,0.0,0.0,0.0,0.0,0.0,0.0,0.0,0.0
1650311040000.0,0.0,0.0,0.0,0.0,0.0,0.0,0.0,0.0,0.0
1650311160000.0,0.0,0.0,0.0,0.0,0.0,0.0,0.0,0.0,0.0
1650311280000.0,0.0,0.0,0.0,0.0,0.0,0.0,0.0,0.0,0.0
1650311400000.0,0.0,0.0,0.0,0.0,0.0,0.0,0.0,0.0,0.0
1650311520000.0,0.0,0.0,0.0,0.0,0.0,0.0,0.0,0.0,0.0
1650311640000.0,0.0,0.0,0.0,0.0,0.0,0.0,0.0,0.0,0.0
1650311760000.0,0.0,0.0,0.0,0.0,0.0,0.0,0.0,0.0,0.0
1650311880000.0,0.0,0.0,0.0,0.0,0.0,0.0,0.0,0.0,0.0
1650312000000.0,0.0,0.0,0.0,0.0,0.0,0.0,0.0,0.0,0.0
1650312120000.0,0.0,0.0,0.0,0.0,0.0,0.0,0.0,0.0,0.0
1650312240000.0,0.0,0.0,0.0,0.0,0.0,0.0,0.0,0.0,0.0
1650312360000.0,0.0,0.0,0.0,0.0,0.0,0.0,0.0,0.0,0.0
1650312480000.0,0.0,0.0,0.0,0.0,0.0,0.0,0.0,0.0,0.0
1650312600000.0,0.0,0.0,0.0,0.0,0.0,0.0,0.0,0.0,0.0
1650312720000.0,0.0,0.0,0.0,0.0,0.0,0.0,0.0,0.0,0.0
1650312840000.0,0.0,0.0,0.0,0.0,0.0,0.0,0.0,0.0,0.0
1650312960000.0,0.0,0.0,0.0,0.0,0.0,0.0,0.0,0.0,0.0
1650313080000.0,0.0,0.0,0.0,0.0,0.0,0.0,0.0,0.0,0.0
1650313200000.0,0.0,0.0,0.0,0.0,0.0,0.0,0.0,0.0,0.0
1650313320000.0,0.0,0.0,0.0,0.0,0.0,0.0,0.0,0.0,0.0
1650313440000.0,0.0,0.0,0.0,0.0,0.0,0.0,0.0,0.0,0.0
1650313560000.0,0.0,0.0,0.0,0.0,0.0,0.0,0.0,0.0,0.0
1650313680000.0,0.0,0.0,0.0,0.0,0.0,0.0,0.0,0.0,0.0
1650313800000.0,0.0,0.0,0.0,0.0,0.0,0.0,0.0,0.0,0.0
1650313920000.0,0.0,0.0,0.0,0.0,0.0,0.0,0.0,0.0,0.0
1650314040000.0,0.0,0.0,0.0,0.0,0.0,0.0,0.0,0.0,0.0
1650314160000.0,0.0,0.0,0.0,0.0,0.0,0.0,0.0,0.0,0.0
1650314280000.0,0.0,0.0,0.0,0.0,0.0,0.0,0.0,0.0,0.0
1650314400000.0,0.0,0.0,0.0,0.0,0.0,0.0,0.0,0.0,0.0
1650314520000.0,0.0,0.0,0.0,0.0,0.0,0.0,0.0,0.0,0.0
1650314640000.0,0.0,0.0,0.0,0.0,0.0,0.0,0.0,0.0,0.0
1650314760000.0,0.0,0.0,0.0,0.0,0.0,0.0,0.0,0.0,0.0
1650314880000.0,0.0,0.0,0.0,0.0,0.0,0.0,0.0,0.0,0.0
1650315000000.0,0.0,0.0,0.0,0.0,0.0,0.0,0.0,0.0,0.0
1650315120000.0,0.0,0.0,0.0,0.0,0.0,0.0,0.0,0.0,0.0
1650315240000.0,0.0,0.0,0.0,0.0,0.0,0.0,0.0,0.0,0.0
1650315360000.0,0.0,0.0,0.0,0.0,0.0,0.0,0.0,0.0,0.0
1650315480000.0,0.0,0.0,0.0,0.0,0.0,0.0,0.0,0.0,0.0
1650315600000.0,0.0,0.0,0.0,0.0,0.0,0.0,0.0,0.0,0.0
1650315720000.0,0.0,0.0,0.0,0.0,0.0,0.0,0.0,0.0,0.0
1650315840000.0,0.0,0.0,0.0,0.0,0.0,0.0,0.0,0.0,0.0
1650315960000.0,0.0,0.0,0.0,0.0,0.0,0.0,0.0,0.0,0.0
1650316080000.0,0.0,0.0,0.0,0.0,0.0,0.0,0.0,0.0,0.0
1650316200000.0,0.0,0.0,0.0,0.0,0.0,0.0,0.0,0.0,0.0
1650316320000.0,0.0,0.0,0.0,0.0,0.0,0.0,0.0,0.0,0.0
1650316440000.0,0.0,0.0,0.0,0.0,0.0,0.0,0.0,0.0,0.0
1650316560000.0,0.0,0.0,0.0,0.0,0.0,0.0,0.0,0.0,0.0
1650316680000.0,0.0,0.0,0.0,0.0,0.0,0.0,0.0,0.0,0.0
1650316800000.0,0.0,0.0,0.0,0.0,0.0,0.0,0.0,0.0,0.0
1650316920000.0,0.0,0.0,0.0,0.0,0.0,0.0,0.0,0.0,0.0
1650317040000.0,0.0,0.0,0.0,0.0,0.0,0.0,0.0,0.0,0.0
1650317160000.0,0.0,0.0,0.0,0.0,0.0,0.0,0.0,0.0,0.0
1650317280000.0,0.0,0.0,0.0,0.0,0.0,0.0,0.0,0.0,0.0
1650317400000.0,0.0,0.0,0.0,0.0,0.0,0.0,0.0,0.0,0.0
1650317520000.0,0.0,0.0,0.0,0.0,0.0,0.0,0.0,0.0,0.0
1650317640000.0,0.0,0.0,0.0,0.0,0.0,0.0,0.0,0.0,0.0
1650317760000.0,0.0,0.0,0.0,0.0,0.0,0.0,0.0,0.0,0.0
1650317880000.0,0.0,0.0,0.0,0.0,0.0,0.0,0.0,0.0,0.0
1650318000000.0,0.0,0.0,0.0,0.0,0.0,0.0,0.0,0.0,0.0
1650318120000.0,0.0,0.0,0.0,0.0,0.0,0.0,0.0,0.0,0.0
1650318240000.0,0.0,0.0,0.0,0.0,0.0,0.0,0.0,0.0,0.0
1650318360000.0,0.0,0.0,0.0,0.0,0.0,0.0,0.0,0.0,0.0
1650318480000.0,0.0,0.0,0.0,0.0,0.0,0.0,0.0,0.0,0.0
1650318600000.0,0.0,0.0,0.0,0.0,0.0,0.0,0.0,0.0,0.0
1650318720000.0,0.0,0.0,0.0,0.0,0.0,0.0,0.0,0.0,0.0
1650318840000.0,0.0,0.0,0.0,0.0,0.0,0.0,0.0,0.0,0.0
1650318960000.0,0.0,0.0,0.0,0.0,0.0,0.0,0.0,0.0,0.0
1650319080000.0,0.0,0.0,0.0,0.0,0.0,0.0,0.0,0.0,0.0
1650319200000.0,0.0,0.0,0.0,0.0,0.0,0.0,0.0,0.0,0.0
1650319320000.0,0.0,0.0,0.0,0.0,0.0,0.0,0.0,0.0,0.0
1650319440000.0,0.0,0.0,0.0,0.0,0.0,0.0,0.0,0.0,0.0
1650319560000.0,0.0,0.0,0.0,0.0,0.0,0.0,0.0,0.0,0.0
1650319680000.0,0.0,0.0,0.0,0.0,0.0,0.0,0.0,0.0,0.0
1650319800000.0,0.0,0.0,0.0,0.0,0.0,0.0,0.0,0.0,0.0
1650319920000.0,0.0,0.0,0.0,0.0,0.0,0.0,0.0,0.0,0.0
1650320040000.0,0.0,0.0,0.0,0.0,0.0,0.0,0.0,0.0,0.0
1650320160000.0,0.0,0.0,0.0,0.0,0.0,0.0,0.0,0.0,0.0
1650320280000.0,0.0,0.0,0.0,0.0,0.0,0.0,0.0,0.0,0.0
1650320400000.0,0.0,0.0,0.0,0.0,0.0,0.0,0.0,0.0,0.0
1650320520000.0,0.0,0.0,0.0,0.0,0.0,0.0,0.0,0.0,0.0
1650320640000.0,0.0,0.0,0.0,0.0,0.0,0.0,0.0,0.0,0.0
1650320760000.0,0.0,0.0,0.0,0.0,0.0,0.0,0.0,0.0,0.0
1650320880000.0,0.0,0.0,0.0,0.0,0.0,0.0,0.0,0.0,0.0
1650321000000.0,0.0,0.0,0.0,0.0,0.0,0.0,0.0,0.0,0.0
1650321120000.0,0.0,0.0,0.0,0.0,0.0,0.0,0.0,0.0,0.0
1650321240000.0,0.0,0.0,0.0,0.0,0.0,0.0,0.0,0.0,0.0
1650321360000.0,0.0,0.0,0.0,0.0,0.0,0.0,0.0,0.0,0.0
1650321480000.0,0.0,0.0,0.0,0.0,0.0,0.0,0.0,0.0,0.0
1650321600000.0,0.0,0.0,0.0,0.0,0.0,0.0,0.0,0.0,0.0
1650321720000.0,0.0,0.0,0.0,0.0,0.0,0.0,0.0,0.0,0.0
1650321840000.0,0.0,0.0,0.0,0.0,0.0,0.0,0.0,0.0,0.0
1650321960000.0,0.0,0.0,0.0,0.0,0.0,0.0,0.0,0.0,0.0
1650322080000.0,0.0,0.0,0.0,0.0,0.0,0.0,0.0,0.0,0.0
1650322200000.0,0.0,0.0,0.0,0.0,0.0,0.0,0.0,0.0,0.0
1650322320000.0,0.0,0.0,0.0,0.0,0.0,0.0,0.0,0.0,0.0
1650322440000.0,0.0,0.0,0.0,0.0,0.0,0.0,0.0,0.0,0.0
1650322560000.0,0.0,0.0,0.0,0.0,0.0,0.0,0.0,0.0,0.0
1650322680000.0,0.0,0.0,0.0,0.0,0.0,0.0,0.0,0.0,0.0
1650322800000.0,0.0,0.0,0.0,0.0,0.0,0.0,0.0,0.0,0.0
1650322920000.0,0.0,0.0,0.0,0.0,0.0,0.0,0.0,0.0,0.0
1650323040000.0,0.0,0.0,0.0,0.0,0.0,0.0,0.0,0.0,0.0
1650323160000.0,0.0,0.0,0.0,0.0,0.0,0.0,0.0,0.0,0.0
1650323280000.0,0.0,0.0,0.0,0.0,0.0,0.0,0.0,0.0,0.0
1650323400000.0,0.0,0.0,0.0,0.0,0.0,0.0,0.0,0.0,0.0
1650323520000.0,0.0,0.0,0.0,0.0,0.0,0.0,0.0,0.0,0.0
1650323640000.0,0.0,0.0,0.0,0.0,0.0,0.0,0.0,0.0,0.0
1650323760000.0,0.0,0.0,0.0,0.0,0.0,0.0,0.0,0.0,0.0
1650323880000.0,0.0,0.0,0.0,0.0,0.0,0.0,0.0,0.0,0.0
1650324000000.0,0.0,0.0,0.0,0.0,0.0,0.0,0.0,0.0,0.0
1650324120000.0,0.0,0.0,0.0,0.0,0.0,0.0,0.0,0.0,0.0
1650324240000.0,0.0,0.0,0.0,0.0,0.0,0.0,0.0,0.0,0.0
1650324360000.0,0.0,0.0,0.0,0.0,0.0,0.0,0.0,0.0,0.0
1650324480000.0,0.0,0.0,0.0,0.0,0.0,0.0,0.0,0.0,0.0
1650324600000.0,0.0,0.0,0.0,0.0,0.0,0.0,0.0,0.0,0.0
1650324720000.0,0.0,0.0,0.0,0.0,0.0,0.0,0.0,0.0,0.0
1650324840000.0,0.0,0.0,0.0,0.0,0.0,0.0,0.0,0.0,0.0
1650324960000.0,0.0,0.0,0.0,0.0,0.0,0.0,0.0,0.0,0.0
1650325080000.0,0.0,0.0,0.0,0.0,0.0,0.0,0.0,0.0,0.0
1650325200000.0,0.0,0.0,0.0,0.0,0.0,0.0,0.0,0.0,0.0
1650325320000.0,0.0,0.0,0.0,0.0,0.0,0.0,0.0,0.0,0.0
1650325440000.0,0.0,0.0,0.0,0.0,0.0,0.0,0.0,0.0,0.0
1650325560000.0,0.0,0.0,0.0,0.0,0.0,0.0,0.0,0.0,0.0
1650325680000.0,0.0,0.0,0.0,0.0,0.0,0.0,0.0,0.0,0.0
1650325800000.0,0.0,0.0,0.0,0.0,0.0,0.0,0.0,0.0,0.0
1650325920000.0,0.0,0.0,0.0,0.0,0.0,0.0,0.0,0.0,0.0
1650326040000.0,0.0,0.0,0.0,0.0,0.0,0.0,0.0,0.0,0.0
1650326160000.0,0.0,0.0,0.0,0.0,0.0,0.0,0.0,0.0,0.0
1650326280000.0,0.0,0.0,0.0,0.0,0.0,0.0,0.0,0.0,0.0
1650326400000.0,0.0,0.0,0.0,0.0,0.0,0.0,0.0,0.0,0.0
1650326520000.0,0.0,0.0,0.0,0.0,0.0,0.0,0.0,0.0,0.0
1650326640000.0,0.0,0.0,0.0,0.0,0.0,0.0,0.0,0.0,0.0
1650326760000.0,0.0,0.0,0.0,0.0,0.0,0.0,0.0,0.0,0.0
1650326880000.0,0.0,0.0,0.0,0.0,0.0,0.0,0.0,0.0,0.0
1650327000000.0,0.0,0.0,0.0,0.0,0.0,0.0,0.0,0.0,0.0
1650327120000.0,0.0,0.0,0.0,0.0,0.0,0.0,0.0,0.0,0.0
1650327240000.0,0.0,0.0,0.0,0.0,0.0,0.0,0.0,0.0,0.0
1650327360000.0,0.0,0.0,0.0,0.0,0.0,0.0,0.0,0.0,0.0
1650327480000.0,0.0,0.0,0.0,0.0,0.0,0.0,0.0,0.0,0.0
1650327600000.0,0.0,0.0,0.0,0.0,0.0,0.0,0.0,0.0,0.0
1650327720000.0,0.0,0.0,0.0,0.0,0.0,0.0,0.0,0.0,0.0
1650327840000.0,0.0,0.0,0.0,0.0,0.0,0.0,0.0,0.0,0.0
1650327960000.0,0.0,0.0,0.0,0.0,0.0,0.0,0.0,0.0,0.0
1650328080000.0,0.0,0.0,0.0,0.0,0.0,0.0,0.0,0.0,0.0
1650328200000.0,0.0,0.0,0.0,0.0,0.0,0.0,0.0,0.0,0.0
1650328320000.0,0.0,0.0,0.0,0.0,0.0,0.0,0.0,0.0,0.0
1650328440000.0,0.0,0.0,0.0,0.0,0.0,0.0,0.0,0.0,0.0
1650328560000.0,0.0,0.0,0.0,0.0,0.0,0.0,0.0,0.0,0.0
1650328680000.0,0.0,0.0,0.0,0.0,0.0,0.0,0.0,0.0,0.0
1650328800000.0,0.0,0.0,0.0,0.0,0.0,0.0,0.0,0.0,0.0
1650328920000.0,0.0,0.0,0.0,0.0,0.0,0.0,0.0,0.0,0.0
1650329040000.0,0.0,0.0,0.0,0.0,0.0,0.0,0.0,0.0,0.0
1650329160000.0,0.0,0.0,0.0,0.0,0.0,0.0,0.0,0.0,0.0
1650329280000.0,0.0,0.0,0.0,0.0,0.0,0.0,0.0,0.0,0.0
1650329400000.0,0.0,0.0,0.0,0.0,0.0,0.0,0.0,0.0,0.0
1650329520000.0,0.0,0.0,0.0,0.0,0.0,0.0,0.0,0.0,0.0
1650329640000.0,0.0,0.0,0.0,0.0,0.0,0.0,0.0,0.0,0.0
1650329760000.0,0.0,0.0,0.0,0.0,0.0,0.0,0.0,0.0,0.0
1650329880000.0,0.0,0.0,0.0,0.0,0.0,0.0,0.0,0.0,0.0
1650330000000.0,0.0,0.0,0.0,0.0,0.0,0.0,0.0,0.0,0.0
1650330120000.0,0.0,0.0,0.0,0.0,0.0,0.0,0.0,0.0,0.0
1650330240000.0,0.0,0.0,0.0,0.0,0.0,0.0,0.0,0.0,0.0
1650330360000.0,0.0,0.0,0.0,0.0,0.0,0.0,0.0,0.0,0.0
1650330480000.0,0.0,0.0,0.0,0.0,0.0,0.0,0.0,0.0,0.0
1650330600000.0,0.0,0.0,0.0,0.0,0.0,0.0,0.0,0.0,0.0
1650330720000.0,0.0,0.0,0.0,0.0,0.0,0.0,0.0,0.0,0.0
1650330840000.0,0.0,0.0,0.0,0.0,0.0,0.0,0.0,0.0,0.0
1650330960000.0,0.0,0.0,0.0,0.0,0.0,0.0,0.0,0.0,0.0
1650331080000.0,0.0,0.0,0.0,0.0,0.0,0.0,0.0,0.0,0.0
1650331200000.0,0.0,0.0,0.0,0.0,0.0,0.0,0.0,0.0,0.0
1650331320000.0,0.0,0.0,0.0,0.0,0.0,0.0,0.0,0.0,0.0
1650331440000.0,0.0,0.0,0.0,0.0,0.0,0.0,0.0,0.0,0.0
1650331560000.0,0.0,0.0,0.0,0.0,0.0,0.0,0.0,0.0,0.0
1650331680000.0,0.0,0.0,0.0,0.0,0.0,0.0,0.0,0.0,0.0
1650331800000.0,0.0,0.0,0.0,0.0,0.0,0.0,0.0,0.0,0.0
1650331920000.0,0.0,0.0,0.0,0.0,0.0,0.0,0.0,0.0,0.0
1650332040000.0,0.0,0.0,0.0,0.0,0.0,0.0,0.0,0.0,0.0
1650332160000.0,0.0,0.0,0.0,0.0,0.0,0.0,0.0,0.0,0.0
1650332280000.0,0.0,0.0,0.0,0.0,0.0,0.0,0.0,0.0,0.0
1650332400000.0,0.0,0.0,0.0,0.0,0.0,0.0,0.0,0.0,0.0
1650332520000.0,0.0,0.0,0.0,0.0,0.0,0.0,0.0,0.0,0.0
1650332640000.0,0.0,0.0,0.0,0.0,0.0,0.0,0.0,0.0,0.0
1650332760000.0,0.0,0.0,0.0,0.0,0.0,0.0,0.0,0.0,0.0
1650332880000.0,0.0,0.0,0.0,0.0,0.0,0.0,0.0,0.0,0.0
1650333000000.0,0.0,0.0,0.0,0.0,0.0,0.0,0.0,0.0,0.0
1650333120000.0,0.0,0.0,0.0,0.0,0.0,0.0,0.0,0.0,0.0
1650333240000.0,0.0,0.0,0.0,0.0,0.0,0.0,0.0,0.0,0.0
1650333360000.0,0.0,0.0,0.0,0.0,0.0,0.0,0.0,0.0,0.0
1650333480000.0,0.0,0.0,0.0,0.0,0.0,0.0,0.0,0.0,0.0
1650333600000.0,0.0,0.0,0.0,0.0,0.0,0.0,0.0,0.0,0.0
1650333720000.0,0.0,0.0,0.0,0.0,0.0,0.0,0.0,0.0,0.0
1650333840000.0,0.0,0.0,0.0,0.0,0.0,0.0,0.0,0.0,0.0
1650333960000.0,0.0,0.0,0.0,0.0,0.0,0.0,0.0,0.0,0.0
1650334080000.0,0.0,0.0,0.0,0.0,0.0,0.0,0.0,0.0,0.0
1650334200000.0,0.0,0.0,0.0,0.0,0.0,0.0,0.0,0.0,0.0
1650334320000.0,0.0,0.0,0.0,0.0,0.0,0.0,0.0,0.0,0.0
1650334440000.0,0.0,0.0,0.0,0.0,0.0,0.0,0.0,0.0,0.0
1650334560000.0,0.0,0.0,0.0,0.0,0.0,0.0,0.0,0.0,0.0
1650334680000.0,0.0,0.0,0.0,0.0,0.0,0.0,0.0,0.0,0.0
1650334800000.0,0.0,0.0,0.0,0.0,0.0,0.0,0.0,0.0,0.0
1650334920000.0,0.0,0.0,0.0,0.0,0.0,0.0,0.0,0.0,0.0
1650335040000.0,0.0,0.0,0.0,0.0,0.0,0.0,0.0,0.0,0.0
1650335160000.0,0.0,0.0,0.0,0.0,0.0,0.0,0.0,0.0,0.0
1650335280000.0,0.0,0.0,0.0,0.0,0.0,0.0,0.0,0.0,0.0
1650335400000.0,0.0,0.0,0.0,0.0,0.0,0.0,0.0,0.0,0.0
1650335520000.0,0.0,0.0,0.0,0.0,0.0,0.0,0.0,0.0,0.0
1650335640000.0,0.0,0.0,0.0,0.0,0.0,0.0,0.0,0.0,0.0
1650335760000.0,0.0,0.0,0.0,0.0,0.0,0.0,0.0,0.0,0.0
1650335880000.0,0.0,0.0,0.0,0.0,0.0,0.0,0.0,0.0,0.0
1650336000000.0,0.0,0.0,0.0,0.0,0.0,0.0,0.0,0.0,0.0
1650336120000.0,0.0,0.0,0.0,0.0,0.0,0.0,0.0,0.0,0.0
1650336240000.0,0.0,0.0,0.0,0.0,0.0,0.0,0.0,0.0,0.0
1650336360000.0,0.0,0.0,0.0,0.0,0.0,0.0,0.0,0.0,0.0
1650336480000.0,0.0,0.0,0.0,0.0,0.0,0.0,0.0,0.0,0.0
1650336600000.0,0.0,0.0,0.0,0.0,0.0,0.0,0.0,0.0,0.0
1650336720000.0,0.0,0.0,0.0,0.0,0.0,0.0,0.0,0.0,0.0
1650336840000.0,0.0,0.0,0.0,0.0,0.0,0.0,0.0,0.0,0.0
1650336960000.0,0.0,0.0,0.0,0.0,0.0,0.0,0.0,0.0,0.0
1650337080000.0,0.0,0.0,0.0,0.0,0.0,0.0,0.0,0.0,0.0
1650337200000.0,0.0,0.0,0.0,0.0,0.0,0.0,0.0,0.0,0.0
1650337320000.0,0.0,0.0,0.0,0.0,0.0,0.0,0.0,0.0,0.0
1650337440000.0,0.0,0.0,0.0,0.0,0.0,0.0,0.0,0.0,0.0
1650337560000.0,0.0,0.0,0.0,0.0,0.0,0.0,0.0,0.0,0.0
1650337680000.0,0.0,0.0,0.0,0.0,0.0,0.0,0.0,0.0,0.0
1650337800000.0,0.0,0.0,0.0,0.0,0.0,0.0,0.0,0.0,0.0
1650337920000.0,0.0,0.0,0.0,0.0,0.0,0.0,0.0,0.0,0.0
1650338040000.0,0.0,0.0,0.0,0.0,0.0,0.0,0.0,0.0,0.0
1650338160000.0,0.0,0.0,0.0,0.0,0.0,0.0,0.0,0.0,0.0
1650338280000.0,0.0,0.0,0.0,0.0,0.0,0.0,0.0,0.0,0.0
1650338400000.0,0.0,0.0,0.0,0.0,0.0,0.0,0.0,0.0,0.0
1650338520000.0,0.0,0.0,0.0,0.0,0.0,0.0,0.0,0.0,0.0
1650338640000.0,0.0,0.0,0.0,0.0,0.0,0.0,0.0,0.0,0.0
1650338760000.0,0.0,0.0,0.0,0.0,0.0,0.0,0.0,0.0,0.0
1650338880000.0,0.0,0.0,0.0,0.0,0.0,0.0,0.0,0.0,0.0
1650339000000.0,0.0,0.0,0.0,0.0,0.0,0.0,0.0,0.0,0.0
1650339120000.0,0.0,0.0,0.0,0.0,0.0,0.0,0.0,0.0,0.0
1650339240000.0,0.0,0.0,0.0,0.0,0.0,0.0,0.0,0.0,0.0
1650339360000.0,0.0,0.0,0.0,0.0,0.0,0.0,0.0,0.0,0.0
1650339480000.0,0.0,0.0,0.0,0.0,0.0,0.0,0.0,0.0,0.0
1650339600000.0,0.0,0.0,0.0,0.0,0.0,0.0,0.0,0.0,0.0
1650339720000.0,0.0,0.0,0.0,0.0,0.0,0.0,0.0,0.0,0.0
1650339840000.0,0.0,0.0,0.0,0.0,0.0,0.0,0.0,0.0,0.0
1650339960000.0,0.0,0.0,0.0,0.0,0.0,0.0,0.0,0.0,0.0
1650340080000.0,0.0,0.0,0.0,0.0,0.0,0.0,0.0,0.0,0.0
1650340200000.0,0.0,0.0,0.0,0.0,0.0,0.0,0.0,0.0,0.0
1650340320000.0,0.0,0.0,0.0,0.0,0.0,0.0,0.0,0.0,0.0
1650340440000.0,0.0,0.0,0.0,0.0,0.0,0.0,0.0,0.0,0.0
1650340560000.0,0.0,0.0,0.0,0.0,0.0,0.0,0.0,0.0,0.0
1650340680000.0,0.0,0.0,0.0,0.0,0.0,0.0,0.0,0.0,0.0
1650340800000.0,0.0,0.0,0.0,0.0,0.0,0.0,0.0,0.0,0.0
1650340920000.0,0.0,0.0,0.0,0.0,0.0,0.0,0.0,0.0,0.0
1650341040000.0,0.0,0.0,0.0,0.0,0.0,0.0,0.0,0.0,0.0
1650341160000.0,0.0,0.0,0.0,0.0,0.0,0.0,0.0,0.0,0.0
1650341280000.0,0.0,0.0,0.0,0.0,0.0,0.0,0.0,0.0,0.0
1650341400000.0,0.0,0.0,0.0,0.0,0.0,0.0,0.0,0.0,0.0
1650341520000.0,0.0,0.0,0.0,0.0,0.0,0.0,0.0,0.0,0.0
1650341640000.0,0.0,0.0,0.0,0.0,0.0,0.0,0.0,0.0,0.0
1650341760000.0,0.0,0.0,0.0,0.0,0.0,0.0,0.0,0.0,0.0
1650341880000.0,0.0,0.0,0.0,0.0,0.0,0.0,0.0,0.0,0.0
1650342000000.0,0.0,0.0,0.0,0.0,0.0,0.0,0.0,0.0,0.0
1650342120000.0,0.0,0.0,0.0,0.0,0.0,0.0,0.0,0.0,0.0
1650342240000.0,0.0,0.0,0.0,0.0,0.0,0.0,0.0,0.0,0.0
1650342360000.0,0.0,0.0,0.0,0.0,0.0,0.0,0.0,0.0,0.0
1650342480000.0,0.0,0.0,0.0,0.0,0.0,0.0,0.0,0.0,0.0
1650342600000.0,0.0,0.0,0.0,0.0,0.0,0.0,0.0,0.0,0.0
1650342720000.0,0.0,0.0,0.0,0.0,0.0,0.0,0.0,0.0,0.0
1650342840000.0,0.0,0.0,0.0,0.0,0.0,0.0,0.0,0.0,0.0
1650342960000.0,0.0,0.0,0.0,0.0,0.0,0.0,0.0,0.0,0.0
1650343080000.0,0.0,0.0,0.0,0.0,0.0,0.0,0.0,0.0,0.0
1650343200000.0,0.0,0.0,0.0,0.0,0.0,0.0,0.0,0.0,0.0
1650343320000.0,0.0,0.0,0.0,0.0,0.0,0.0,0.0,0.0,0.0
1650343440000.0,0.0,0.0,0.0,0.0,0.0,0.0,0.0,0.0,0.0
1650343560000.0,0.0,0.0,0.0,0.0,0.0,0.0,0.0,0.0,0.0
1650343680000.0,0.0,0.0,0.0,0.0,0.0,0.0,0.0,0.0,0.0
1650343800000.0,0.0,0.0,0.0,0.0,0.0,0.0,0.0,0.0,0.0
1650343920000.0,0.0,0.0,0.0,0.0,0.0,0.0,0.0,0.0,0.0
1650344040000.0,0.0,0.0,0.0,0.0,0.0,0.0,0.0,0.0,0.0
1650344160000.0,0.0,0.0,0.0,0.0,0.0,0.0,0.0,0.0,0.0
1650344280000.0,0.0,0.0,0.0,0.0,0.0,0.0,0.0,0.0,0.0
1650344400000.0,0.0,0.0,0.0,0.0,0.0,0.0,0.0,0.0,0.0
1650344520000.0,0.0,0.0,0.0,0.0,0.0,0.0,0.0,0.0,0.0
1650344640000.0,0.0,0.0,0.0,0.0,0.0,0.0,0.0,0.0,0.0
1650344760000.0,0.0,0.0,0.0,0.0,0.0,0.0,0.0,0.0,0.0
1650344880000.0,0.0,0.0,0.0,0.0,0.0,0.0,0.0,0.0,0.0
1650345000000.0,0.0,0.0,0.0,0.0,0.0,0.0,0.0,0.0,0.0
1650345120000.0,0.0,0.0,0.0,0.0,0.0,0.0,0.0,0.0,0.0
1650345240000.0,0.0,0.0,0.0,0.0,0.0,0.0,0.0,0.0,0.0
1650345360000.0,0.0,0.0,0.0,0.0,0.0,0.0,0.0,0.0,0.0
1650345480000.0,0.0,0.0,0.0,0.0,0.0,0.0,0.0,0.0,0.0
1650345600000.0,0.0,0.0,0.0,0.0,0.0,0.0,0.0,0.0,0.0
1650345720000.0,0.0,0.0,0.0,0.0,0.0,0.0,0.0,0.0,0.0
1650345840000.0,0.0,0.0,0.0,0.0,0.0,0.0,0.0,0.0,0.0
1650345960000.0,0.0,0.0,0.0,0.0,0.0,0.0,0.0,0.0,0.0
1650346080000.0,0.0,0.0,0.0,0.0,0.0,0.0,0.0,0.0,0.0
1650346200000.0,0.0,0.0,0.0,0.0,0.0,0.0,0.0,0.0,0.0
1650346320000.0,0.0,0.0,0.0,0.0,0.0,0.0,0.0,0.0,0.0
1650346440000.0,0.0,0.0,0.0,0.0,0.0,0.0,0.0,0.0,0.0
1650346560000.0,0.0,0.0,0.0,0.0,0.0,0.0,0.0,0.0,0.0
1650346680000.0,0.0,0.0,0.0,0.0,0.0,0.0,0.0,0.0,0.0
1650346800000.0,0.0,0.0,0.0,0.0,0.0,0.0,0.0,0.0,0.0
1650346920000.0,0.0,0.0,0.0,0.0,0.0,0.0,0.0,0.0,0.0
1650347040000.0,0.0,0.0,0.0,0.0,0.0,0.0,0.0,0.0,0.0
1650347160000.0,0.0,0.0,0.0,0.0,0.0,0.0,0.0,0.0,0.0
1650347280000.0,0.0,0.0,0.0,0.0,0.0,0.0,0.0,0.0,0.0
1650347400000.0,0.0,0.0,0.0,0.0,0.0,0.0,0.0,0.0,0.0
1650347520000.0,0.0,0.0,0.0,0.0,0.0,0.0,0.0,0.0,0.0
1650347640000.0,0.0,0.0,0.0,0.0,0.0,0.0,0.0,0.0,0.0
1650347760000.0,0.0,0.0,0.0,0.0,0.0,0.0,0.0,0.0,0.0
1650347880000.0,0.0,0.0,0.0,0.0,0.0,0.0,0.0,0.0,0.0
1650348000000.0,0.0,0.0,0.0,0.0,0.0,0.0,0.0,0.0,0.0
1650348120000.0,0.0,0.0,0.0,0.0,0.0,0.0,0.0,0.0,0.0
1650348240000.0,0.0,0.0,0.0,0.0,0.0,0.0,0.0,0.0,0.0
1650348360000.0,0.0,0.0,0.0,0.0,0.0,0.0,0.0,0.0,0.0
1650348480000.0,0.0,0.0,0.0,0.0,0.0,0.0,0.0,0.0,0.0
1650348600000.0,0.0,0.0,0.0,0.0,0.0,0.0,0.0,0.0,0.0
1650348720000.0,0.0,0.0,0.0,0.0,0.0,0.0,0.0,0.0,0.0
1650348840000.0,0.0,0.0,0.0,0.0,0.0,0.0,0.0,0.0,0.0
1650348960000.0,0.0,0.0,0.0,0.0,0.0,0.0,0.0,0.0,0.0
1650349080000.0,0.0,0.0,0.0,0.0,0.0,0.0,0.0,0.0,0.0
1650349200000.0,0.0,0.0,0.0,0.0,0.0,0.0,0.0,0.0,0.0
1650349320000.0,0.0,0.0,0.0,0.0,0.0,0.0,0.0,0.0,0.0
1650349440000.0,0.0,0.0,0.0,0.0,0.0,0.0,0.0,0.0,0.0
1650349560000.0,0.0,0.0,0.0,0.0,0.0,0.0,0.0,0.0,0.0
1650349680000.0,0.0,0.0,0.0,0.0,0.0,0.0,0.0,0.0,0.0
1650349800000.0,0.0,0.0,0.0,0.0,0.0,0.0,0.0,0.0,0.0
1650349920000.0,0.0,0.0,0.0,0.0,0.0,0.0,0.0,0.0,0.0
1650350040000.0,0.0,0.0,0.0,0.0,0.0,0.0,0.0,0.0,0.0
1650350160000.0,0.0,0.0,0.0,0.0,0.0,0.0,0.0,0.0,0.0
1650350280000.0,0.0,0.0,0.0,0.0,0.0,0.0,0.0,0.0,0.0
1650350400000.0,0.0,0.0,0.0,0.0,0.0,0.0,0.0,0.0,0.0
1650350520000.0,0.0,0.0,0.0,0.0,0.0,0.0,0.0,0.0,0.0
1650350640000.0,0.0,0.0,0.0,0.0,0.0,0.0,0.0,0.0,0.0
1650350760000.0,0.0,0.0,0.0,0.0,0.0,0.0,0.0,0.0,0.0
1650350880000.0,0.0,0.0,0.0,0.0,0.0,0.0,0.0,0.0,0.0
1650351000000.0,0.0,0.0,0.0,0.0,0.0,0.0,0.0,0.0,0.0
1650351120000.0,0.0,0.0,0.0,0.0,0.0,0.0,0.0,0.0,0.0
1650351240000.0,0.0,0.0,0.0,0.0,0.0,0.0,0.0,0.0,0.0
1650351360000.0,0.0,0.0,0.0,0.0,0.0,0.0,0.0,0.0,0.0
1650351480000.0,0.0,0.0,0.0,0.0,0.0,0.0,0.0,0.0,0.0
1650351600000.0,0.0,0.0,0.0,0.0,0.0,0.0,0.0,0.0,0.0
1650351720000.0,0.0,0.0,0.0,0.0,0.0,0.0,0.0,0.0,0.0
1650351840000.0,0.0,0.0,0.0,0.0,0.0,0.0,0.0,0.0,0.0
1650351960000.0,0.0,0.0,0.0,0.0,0.0,0.0,0.0,0.0,0.0
1650352080000.0,0.0,0.0,0.0,0.0,0.0,0.0,0.0,0.0,0.0
1650352200000.0,0.0,0.0,0.0,0.0,0.0,0.0,0.0,0.0,0.0
1650352320000.0,0.0,0.0,0.0,0.0,0.0,0.0,0.0,0.0,0.0
1650352440000.0,0.0,0.0,0.0,0.0,0.0,0.0,0.0,0.0,0.0
1650352560000.0,0.0,0.0,0.0,0.0,0.0,0.0,0.0,0.0,0.0
1650352680000.0,0.0,0.0,0.0,0.0,0.0,0.0,0.0,0.0,0.0
1650352800000.0,0.0,0.0,0.0,0.0,0.0,0.0,0.0,0.0,0.0
1650352920000.0,0.0,0.0,0.0,0.0,0.0,0.0,0.0,0.0,0.0
1650353040000.0,0.0,0.0,0.0,0.0,0.0,0.0,0.0,0.0,0.0
1650353160000.0,0.0,0.0,0.0,0.0,0.0,0.0,0.0,0.0,0.0
1650353280000.0,0.0,0.0,0.0,0.0,0.0,0.0,0.0,0.0,0.0
1650353400000.0,0.0,0.0,0.0,0.0,0.0,0.0,0.0,0.0,0.0
1650353520000.0,0.0,0.0,0.0,0.0,0.0,0.0,0.0,0.0,0.0
1650353640000.0,0.0,0.0,0.0,0.0,0.0,0.0,0.0,0.0,0.0
1650353760000.0,0.0,0.0,0.0,0.0,0.0,0.0,0.0,0.0,0.0
1650353880000.0,0.0,0.0,0.0,0.0,0.0,0.0,0.0,0.0,0.0
1650354000000.0,0.0,0.0,0.0,0.0,0.0,0.0,0.0,0.0,0.0
1650354120000.0,0.0,0.0,0.0,0.0,0.0,0.0,0.0,0.0,0.0
1650354240000.0,0.0,0.0,0.0,0.0,0.0,0.0,0.0,0.0,0.0
1650354360000.0,0.0,0.0,0.0,0.0,0.0,0.0,0.0,0.0,0.0
1650354480000.0,0.0,0.0,0.0,0.0,0.0,0.0,0.0,0.0,0.0
1650354600000.0,0.0,0.0,0.0,0.0,0.0,0.0,0.0,0.0,0.0
1650354720000.0,0.0,0.0,0.0,0.0,0.0,0.0,0.0,0.0,0.0
1650354840000.0,0.0,0.0,0.0,0.0,0.0,0.0,0.0,0.0,0.0
1650354960000.0,0.0,0.0,0.0,0.0,0.0,0.0,0.0,0.0,0.0
1650355080000.0,0.0,0.0,0.0,0.0,0.0,0.0,0.0,0.0,0.0
1650355200000.0,0.0,0.0,0.0,0.0,0.0,0.0,0.0,0.0,0.0
1650355320000.0,0.0,0.0,0.0,0.0,0.0,0.0,0.0,0.0,0.0
1650355440000.0,0.0,0.0,0.0,0.0,0.0,0.0,0.0,0.0,0.0
1650355560000.0,0.0,0.0,0.0,0.0,0.0,0.0,0.0,0.0,0.0
1650355680000.0,0.0,0.0,0.0,0.0,0.0,0.0,0.0,0.0,0.0
1650355800000.0,0.0,0.0,0.0,0.0,0.0,0.0,0.0,0.0,0.0
1650355920000.0,0.0,0.0,0.0,0.0,0.0,0.0,0.0,0.0,0.0
1650356040000.0,0.0,0.0,0.0,0.0,0.0,0.0,0.0,0.0,0.0
1650356160000.0,0.0,0.0,0.0,0.0,0.0,0.0,0.0,0.0,0.0
1650356280000.0,0.0,0.0,0.0,0.0,0.0,0.0,0.0,0.0,0.0
1650356400000.0,0.0,0.0,0.0,0.0,0.0,0.0,0.0,0.0,0.0
1650356520000.0,0.0,0.0,0.0,0.0,0.0,0.0,0.0,0.0,0.0
1650356640000.0,0.0,0.0,0.0,0.0,0.0,0.0,0.0,0.0,0.0
1650356760000.0,0.0,0.0,0.0,0.0,0.0,0.0,0.0,0.0,0.0
1650356880000.0,0.0,0.0,0.0,0.0,0.0,0.0,0.0,0.0,0.0
1650357000000.0,0.0,0.0,0.0,0.0,0.0,0.0,0.0,0.0,0.0
1650357120000.0,0.0,0.0,0.0,0.0,0.0,0.0,0.0,0.0,0.0
1650357240000.0,0.0,0.0,0.0,0.0,0.0,0.0,0.0,0.0,0.0
1650357360000.0,0.0,0.0,0.0,0.0,0.0,0.0,0.0,0.0,0.0
1650357480000.0,0.0,0.0,0.0,0.0,0.0,0.0,0.0,0.0,0.0
1650357600000.0,0.0,0.0,0.0,0.0,0.0,0.0,0.0,0.0,0.0
1650357720000.0,0.0,0.0,0.0,0.0,0.0,0.0,0.0,0.0,0.0
1650357840000.0,0.0,0.0,0.0,0.0,0.0,0.0,0.0,0.0,0.0
1650357960000.0,0.0,0.0,0.0,0.0,0.0,0.0,0.0,0.0,0.0
1650358080000.0,0.0,0.0,0.0,0.0,0.0,0.0,0.0,0.0,0.0
1650358200000.0,0.0,0.0,0.0,0.0,0.0,0.0,0.0,0.0,0.0
1650358320000.0,0.0,0.0,0.0,0.0,0.0,0.0,0.0,0.0,0.0
1650358440000.0,0.0,0.0,0.0,0.0,0.0,0.0,0.0,0.0,0.0
1650358560000.0,0.0,0.0,0.0,0.0,0.0,0.0,0.0,0.0,0.0
1650358680000.0,0.0,0.0,0.0,0.0,0.0,0.0,0.0,0.0,0.0
1650358800000.0,0.0,0.0,0.0,0.0,0.0,0.0,0.0,0.0,0.0
1650358920000.0,0.0,0.0,0.0,0.0,0.0,0.0,0.0,0.0,0.0
1650359040000.0,0.0,0.0,0.0,0.0,0.0,0.0,0.0,0.0,0.0
1650359160000.0,0.0,0.0,0.0,0.0,0.0,0.0,0.0,0.0,0.0
1650359280000.0,0.0,0.0,0.0,0.0,0.0,0.0,0.0,0.0,0.0
1650359400000.0,0.0,0.0,0.0,0.0,0.0,0.0,0.0,0.0,0.0
1650359520000.0,0.0,0.0,0.0,0.0,0.0,0.0,0.0,0.0,0.0
1650359640000.0,0.0,0.0,0.0,0.0,0.0,0.0,0.0,0.0,0.0
1650359760000.0,0.0,0.0,0.0,0.0,0.0,0.0,0.0,0.0,0.0
1650359880000.0,0.0,0.0,0.0,0.0,0.0,0.0,0.0,0.0,0.0
1650360000000.0,0.0,0.0,0.0,0.0,0.0,0.0,0.0,0.0,0.0
1650360120000.0,0.0,0.0,0.0,0.0,0.0,0.0,0.0,0.0,0.0
1650360240000.0,0.0,0.0,0.0,0.0,0.0,0.0,0.0,0.0,0.0
1650360360000.0,0.0,0.0,0.0,0.0,0.0,0.0,0.0,0.0,0.0
1650360480000.0,0.0,0.0,0.0,0.0,0.0,0.0,0.0,0.0,0.0
1650360600000.0,0.0,0.0,0.0,0.0,0.0,0.0,0.0,0.0,0.0
1650360720000.0,0.0,0.0,0.0,0.0,0.0,0.0,0.0,0.0,0.0
1650360840000.0,0.0,0.0,0.0,0.0,0.0,0.0,0.0,0.0,0.0
1650360960000.0,0.0,0.0,0.0,0.0,0.0,0.0,0.0,0.0,0.0
1650361080000.0,0.0,0.0,0.0,0.0,0.0,0.0,0.0,0.0,0.0
1650361200000.0,0.0,0.0,0.0,0.0,0.0,0.0,0.0,0.0,0.0
1650361320000.0,0.0,0.0,0.0,0.0,0.0,0.0,0.0,0.0,0.0
1650361440000.0,0.0,0.0,0.0,0.0,0.0,0.0,0.0,0.0,0.0
1650361560000.0,0.0,0.0,0.0,0.0,0.0,0.0,0.0,0.0,0.0
1650361680000.0,0.0,0.0,0.0,0.0,0.0,0.0,0.0,0.0,0.0
1650361800000.0,0.0,0.0,0.0,0.0,0.0,0.0,0.0,0.0,0.0
1650361920000.0,0.0,0.0,0.0,0.0,0.0,0.0,0.0,0.0,0.0
1650362040000.0,0.0,0.0,0.0,0.0,0.0,0.0,0.0,0.0,0.0
1650362160000.0,0.0,0.0,0.0,0.0,0.0,0.0,0.0,0.0,0.0
1650362280000.0,0.0,0.0,0.0,0.0,0.0,0.0,0.0,0.0,0.0
1650362400000.0,0.0,0.0,0.0,0.0,0.0,0.0,0.0,0.0,0.0
1650362520000.0,0.0,0.0,0.0,0.0,0.0,0.0,0.0,0.0,0.0
1650362640000.0,0.0,0.0,0.0,0.0,0.0,0.0,0.0,0.0,0.0
1650362760000.0,0.0,0.0,0.0,0.0,0.0,0.0,0.0,0.0,0.0
1650362880000.0,0.0,0.0,0.0,0.0,0.0,0.0,0.0,0.0,0.0
1650363000000.0,0.0,0.0,0.0,0.0,0.0,0.0,0.0,0.0,0.0
1650363120000.0,0.0,0.0,0.0,0.0,0.0,0.0,0.0,0.0,0.0
1650363240000.0,0.0,0.0,0.0,0.0,0.0,0.0,0.0,0.0,0.0
1650363360000.0,0.0,0.0,0.0,0.0,0.0,0.0,0.0,0.0,0.0
1650363480000.0,0.0,0.0,0.0,0.0,0.0,0.0,0.0,0.0,0.0
1650363600000.0,0.0,0.0,0.0,0.0,0.0,0.0,0.0,0.0,0.0
1650363720000.0,0.0,0.0,0.0,0.0,0.0,0.0,0.0,0.0,0.0
1650363840000.0,0.0,0.0,0.0,0.0,0.0,0.0,0.0,0.0,0.0
1650363960000.0,0.0,0.0,0.0,0.0,0.0,0.0,0.0,0.0,0.0
1650364080000.0,0.0,0.0,0.0,0.0,0.0,0.0,0.0,0.0,0.0
1650364200000.0,0.0,0.0,0.0,0.0,0.0,0.0,0.0,0.0,0.0
1650364320000.0,0.0,0.0,0.0,0.0,0.0,0.0,0.0,0.0,0.0
1650364440000.0,0.0,0.0,0.0,0.0,0.0,0.0,0.0,0.0,0.0
1650364560000.0,0.0,0.0,0.0,0.0,0.0,0.0,0.0,0.0,0.0
1650364680000.0,0.0,0.0,0.0,0.0,0.0,0.0,0.0,0.0,0.0
1650364800000.0,0.0,0.0,0.0,0.0,0.0,0.0,0.0,0.0,0.0
1650364920000.0,0.0,0.0,0.0,0.0,0.0,0.0,0.0,0.0,0.0
1650365040000.0,0.0,0.0,0.0,0.0,0.0,0.0,0.0,0.0,0.0
1650365160000.0,0.0,0.0,0.0,0.0,0.0,0.0,0.0,0.0,0.0
1650365280000.0,0.0,0.0,0.0,0.0,0.0,0.0,0.0,0.0,0.0
1650365400000.0,0.0,0.0,0.0,0.0,0.0,0.0,0.0,0.0,0.0
1650365520000.0,0.0,0.0,0.0,0.0,0.0,0.0,0.0,0.0,0.0
1650365640000.0,0.0,0.0,0.0,0.0,0.0,0.0,0.0,0.0,0.0
1650365760000.0,0.0,0.0,0.0,0.0,0.0,0.0,0.0,0.0,0.0
1650365880000.0,0.0,0.0,0.0,0.0,0.0,0.0,0.0,0.0,0.0
1650366000000.0,0.0,0.0,0.0,0.0,0.0,0.0,0.0,0.0,0.0
1650366120000.0,0.0,0.0,0.0,0.0,0.0,0.0,0.0,0.0,0.0
1650366240000.0,0.0,0.0,0.0,0.0,0.0,0.0,0.0,0.0,0.0
1650366360000.0,0.0,0.0,0.0,0.0,0.0,0.0,0.0,0.0,0.0
1650366480000.0,0.0,0.0,0.0,0.0,0.0,0.0,0.0,0.0,0.0
1650366600000.0,0.0,0.0,0.0,0.0,0.0,0.0,0.0,0.0,0.0
1650366720000.0,0.0,0.0,0.0,0.0,0.0,0.0,0.0,0.0,0.0
1650366840000.0,0.0,0.0,0.0,0.0,0.0,0.0,0.0,0.0,0.0
1650366960000.0,0.0,0.0,0.0,0.0,0.0,0.0,0.0,0.0,0.0
1650367080000.0,0.0,0.0,0.0,0.0,0.0,0.0,0.0,0.0,0.0
1650367200000.0,0.0,0.0,0.0,0.0,0.0,0.0,0.0,0.0,0.0
1650367320000.0,0.0,0.0,0.0,0.0,0.0,0.0,0.0,0.0,0.0
1650367440000.0,0.0,0.0,0.0,0.0,0.0,0.0,0.0,0.0,0.0
1650367560000.0,0.0,0.0,0.0,0.0,0.0,0.0,0.0,0.0,0.0
1650367680000.0,0.0,0.0,0.0,0.0,0.0,0.0,0.0,0.0,0.0
1650367800000.0,0.0,0.0,0.0,0.0,0.0,0.0,0.0,0.0,0.0
1650367920000.0,0.0,0.0,0.0,0.0,0.0,0.0,0.0,0.0,0.0
1650368040000.0,0.0,0.0,0.0,0.0,0.0,0.0,0.0,0.0,0.0
1650368160000.0,0.0,0.0,0.0,0.0,0.0,0.0,0.0,0.0,0.0
1650368280000.0,0.0,0.0,0.0,0.0,0.0,0.0,0.0,0.0,0.0
1650368400000.0,0.0,0.0,0.0,0.0,0.0,0.0,0.0,0.0,0.0
1650368520000.0,0.0,0.0,0.0,0.0,0.0,0.0,0.0,0.0,0.0
1650368640000.0,0.0,0.0,0.0,0.0,0.0,0.0,0.0,0.0,0.0
1650368760000.0,0.0,0.0,0.0,0.0,0.0,0.0,0.0,0.0,0.0
1650368880000.0,0.0,0.0,0.0,0.0,0.0,0.0,0.0,0.0,0.0
1650369000000.0,0.0,0.0,0.0,0.0,0.0,0.0,0.0,0.0,0.0
1650369120000.0,0.0,0.0,0.0,0.0,0.0,0.0,0.0,0.0,0.0
1650369240000.0,0.0,0.0,0.0,0.0,0.0,0.0,0.0,0.0,0.0
1650369360000.0,0.0,0.0,0.0,0.0,0.0,0.0,0.0,0.0,0.0
1650369480000.0,0.0,0.0,0.0,0.0,0.0,0.0,0.0,0.0,0.0
1650369600000.0,0.0,0.0,0.0,0.0,0.0,0.0,0.0,0.0,0.0
1650369720000.0,0.0,0.0,0.0,0.0,0.0,0.0,0.0,0.0,0.0
1650369840000.0,0.0,0.0,0.0,0.0,0.0,0.0,0.0,0.0,0.0
1650369960000.0,0.0,0.0,0.0,0.0,0.0,0.0,0.0,0.0,0.0
1650370080000.0,0.0,0.0,0.0,0.0,0.0,0.0,0.0,0.0,0.0
1650370200000.0,0.0,0.0,0.0,0.0,0.0,0.0,0.0,0.0,0.0
1650370320000.0,0.0,0.0,0.0,0.0,0.0,0.0,0.0,0.0,0.0
1650370440000.0,0.0,0.0,0.0,0.0,0.0,0.0,0.0,0.0,0.0
1650370560000.0,0.0,0.0,0.0,0.0,0.0,0.0,0.0,0.0,0.0
1650370680000.0,0.0,0.0,0.0,0.0,0.0,0.0,0.0,0.0,0.0
1650370800000.0,0.0,0.0,0.0,0.0,0.0,0.0,0.0,0.0,0.0
1650370920000.0,0.0,0.0,0.0,0.0,0.0,0.0,0.0,0.0,0.0
1650371040000.0,0.0,0.0,0.0,0.0,0.0,0.0,0.0,0.0,0.0
1650371160000.0,0.0,0.0,0.0,0.0,0.0,0.0,0.0,0.0,0.0
1650371280000.0,0.0,0.0,0.0,0.0,0.0,0.0,0.0,0.0,0.0
1650371400000.0,0.0,0.0,0.0,0.0,0.0,0.0,0.0,0.0,0.0
1650371520000.0,0.0,0.0,0.0,0.0,0.0,0.0,0.0,0.0,0.0
1650371640000.0,0.0,0.0,0.0,0.0,0.0,0.0,0.0,0.0,0.0
1650371760000.0,0.0,0.0,0.0,0.0,0.0,0.0,0.0,0.0,0.0
1650371880000.0,0.0,0.0,0.0,0.0,0.0,0.0,0.0,0.0,0.0
1650372000000.0,0.0,0.0,0.0,0.0,0.0,0.0,0.0,0.0,0.0
1650372120000.0,0.0,0.0,0.0,0.0,0.0,0.0,0.0,0.0,0.0
1650372240000.0,0.0,0.0,0.0,0.0,0.0,0.0,0.0,0.0,0.0
1650372360000.0,0.0,0.0,0.0,0.0,0.0,0.0,0.0,0.0,0.0
1650372480000.0,0.0,0.0,0.0,0.0,0.0,0.0,0.0,0.0,0.0
1650372600000.0,0.0,0.0,0.0,0.0,0.0,0.0,0.0,0.0,0.0
1650372720000.0,0.0,0.0,0.0,0.0,0.0,0.0,0.0,0.0,0.0
1650372840000.0,0.0,0.0,0.0,0.0,0.0,0.0,0.0,0.0,0.0
1650372960000.0,0.0,0.0,0.0,0.0,0.0,0.0,0.0,0.0,0.0
1650373080000.0,0.0,0.0,0.0,0.0,0.0,0.0,0.0,0.0,0.0
1650373200000.0,0.0,0.0,0.0,0.0,0.0,0.0,0.0,0.0,0.0
1650373320000.0,0.0,0.0,0.0,0.0,0.0,0.0,0.0,0.0,0.0
1650373440000.0,0.0,0.0,0.0,0.0,0.0,0.0,0.0,0.0,0.0
1650373560000.0,0.0,0.0,0.0,0.0,0.0,0.0,0.0,0.0,0.0
1650373680000.0,0.0,0.0,0.0,0.0,0.0,0.0,0.0,0.0,0.0
1650373800000.0,0.0,0.0,0.0,0.0,0.0,0.0,0.0,0.0,0.0
1650373920000.0,0.0,0.0,0.0,0.0,0.0,0.0,0.0,0.0,0.0
1650374040000.0,0.0,0.0,0.0,0.0,0.0,0.0,0.0,0.0,0.0
1650374160000.0,0.0,0.0,0.0,0.0,0.0,0.0,0.0,0.0,0.0
1650374280000.0,0.0,0.0,0.0,0.0,0.0,0.0,0.0,0.0,0.0
1650374400000.0,0.0,0.0,0.0,0.0,0.0,0.0,0.0,0.0,0.0
1650374520000.0,0.0,0.0,0.0,0.0,0.0,0.0,0.0,0.0,0.0
1650374640000.0,0.0,0.0,0.0,0.0,0.0,0.0,0.0,0.0,0.0
1650374760000.0,0.0,0.0,0.0,0.0,0.0,0.0,0.0,0.0,0.0
1650374880000.0,0.0,0.0,0.0,0.0,0.0,0.0,0.0,0.0,0.0
1650375000000.0,0.0,0.0,0.0,0.0,0.0,0.0,0.0,0.0,0.0
1650375120000.0,0.0,0.0,0.0,0.0,0.0,0.0,0.0,0.0,0.0
1650375240000.0,0.0,0.0,0.0,0.0,0.0,0.0,0.0,0.0,0.0
1650375360000.0,0.0,0.0,0.0,0.0,0.0,0.0,0.0,0.0,0.0
1650375480000.0,0.0,0.0,0.0,0.0,0.0,0.0,0.0,0.0,0.0
1650375600000.0,0.0,0.0,0.0,0.0,0.0,0.0,0.0,0.0,0.0
1650375720000.0,0.0,0.0,0.0,0.0,0.0,0.0,0.0,0.0,0.0
1650375840000.0,0.0,0.0,0.0,0.0,0.0,0.0,0.0,0.0,0.0
1650375960000.0,0.0,0.0,0.0,0.0,0.0,0.0,0.0,0.0,0.0
1650376080000.0,0.0,0.0,0.0,0.0,0.0,0.0,0.0,0.0,0.0
1650376200000.0,0.0,0.0,0.0,0.0,0.0,0.0,0.0,0.0,0.0
1650376320000.0,0.0,0.0,0.0,0.0,0.0,0.0,0.0,0.0,0.0
1650376440000.0,0.0,0.0,0.0,0.0,0.0,0.0,0.0,0.0,0.0
1650376560000.0,0.0,0.0,0.0,0.0,0.0,0.0,0.0,0.0,0.0
1650376680000.0,0.0,0.0,0.0,0.0,0.0,0.0,0.0,0.0,0.0
1650376800000.0,0.0,0.0,0.0,0.0,0.0,0.0,0.0,0.0,0.0
1650376920000.0,0.0,0.0,0.0,0.0,0.0,0.0,0.0,0.0,0.0
1650377040000.0,0.0,0.0,0.0,0.0,0.0,0.0,0.0,0.0,0.0
1650377160000.0,0.0,0.0,0.0,0.0,0.0,0.0,0.0,0.0,0.0
1650377280000.0,0.0,0.0,0.0,0.0,0.0,0.0,0.0,0.0,0.0
1650377400000.0,0.0,0.0,0.0,0.0,0.0,0.0,0.0,0.0,0.0
1650377520000.0,0.0,0.0,0.0,0.0,0.0,0.0,0.0,0.0,0.0
1650377640000.0,0.0,0.0,0.0,0.0,0.0,0.0,0.0,0.0,0.0
1650377760000.0,0.0,0.0,0.0,0.0,0.0,0.0,0.0,0.0,0.0
1650377880000.0,0.0,0.0,0.0,0.0,0.0,0.0,0.0,0.0,0.0
1650378000000.0,0.0,0.0,0.0,0.0,0.0,0.0,0.0,0.0,0.0
1650378120000.0,0.0,0.0,0.0,0.0,0.0,0.0,0.0,0.0,0.0
1650378240000.0,0.0,0.0,0.0,0.0,0.0,0.0,0.0,0.0,0.0
1650378360000.0,0.0,0.0,0.0,0.0,0.0,0.0,0.0,0.0,0.0
1650378480000.0,0.0,0.0,0.0,0.0,0.0,0.0,0.0,0.0,0.0
1650378600000.0,0.0,0.0,0.0,0.0,0.0,0.0,0.0,0.0,0.0
1650378720000.0,0.0,0.0,0.0,0.0,0.0,0.0,0.0,0.0,0.0
1650378840000.0,0.0,0.0,0.0,0.0,0.0,0.0,0.0,0.0,0.0
1650378960000.0,0.0,0.0,0.0,0.0,0.0,0.0,0.0,0.0,0.0
1650379080000.0,0.0,0.0,0.0,0.0,0.0,0.0,0.0,0.0,0.0
1650379200000.0,0.0,0.0,0.0,0.0,0.0,0.0,0.0,0.0,0.0
1650379320000.0,0.0,0.0,0.0,0.0,0.0,0.0,0.0,0.0,0.0
1650379440000.0,0.0,0.0,0.0,0.0,0.0,0.0,0.0,0.0,0.0
1650379560000.0,0.0,0.0,0.0,0.0,0.0,0.0,0.0,0.0,0.0
1650379680000.0,0.0,0.0,0.0,0.0,0.0,0.0,0.0,0.0,0.0
1650379800000.0,0.0,0.0,0.0,0.0,0.0,0.0,0.0,0.0,0.0
1650379920000.0,0.0,0.0,0.0,0.0,0.0,0.0,0.0,0.0,0.0
1650380040000.0,0.0,0.0,0.0,0.0,0.0,0.0,0.0,0.0,0.0
1650380160000.0,0.0,0.0,0.0,0.0,0.0,0.0,0.0,0.0,0.0
1650380280000.0,0.0,0.0,0.0,0.0,0.0,0.0,0.0,0.0,0.0
1650380400000.0,0.0,0.0,0.0,0.0,0.0,0.0,0.0,0.0,0.0
1650380520000.0,0.0,0.0,0.0,0.0,0.0,0.0,0.0,0.0,0.0
1650380640000.0,0.0,0.0,0.0,0.0,0.0,0.0,0.0,0.0,0.0
1650380760000.0,0.0,0.0,0.0,0.0,0.0,0.0,0.0,0.0,0.0
1650380880000.0,0.0,0.0,0.0,0.0,0.0,0.0,0.0,0.0,0.0
1650381000000.0,0.0,0.0,0.0,0.0,0.0,0.0,0.0,0.0,0.0
1650381120000.0,0.0,0.0,0.0,0.0,0.0,0.0,0.0,0.0,0.0
1650381240000.0,0.0,0.0,0.0,0.0,0.0,0.0,0.0,0.0,0.0
1650381360000.0,0.0,0.0,0.0,0.0,0.0,0.0,0.0,0.0,0.0
1650381480000.0,0.0,0.0,0.0,0.0,0.0,0.0,0.0,0.0,0.0
1650381600000.0,0.0,0.0,0.0,0.0,0.0,0.0,0.0,0.0,0.0
1650381720000.0,0.0,0.0,0.0,0.0,0.0,0.0,0.0,0.0,0.0
1650381840000.0,0.0,0.0,0.0,0.0,0.0,0.0,0.0,0.0,0.0
1650381960000.0,0.0,0.0,0.0,0.0,0.0,0.0,0.0,0.0,0.0
1650382080000.0,0.0,0.0,0.0,0.0,0.0,0.0,0.0,0.0,0.0
1650382200000.0,0.0,0.0,0.0,0.0,0.0,0.0,0.0,0.0,0.0
1650382320000.0,0.0,0.0,0.0,0.0,0.0,0.0,0.0,0.0,0.0
1650382440000.0,0.0,0.0,0.0,0.0,0.0,0.0,0.0,0.0,0.0
1650382560000.0,0.0,0.0,0.0,0.0,0.0,0.0,0.0,0.0,0.0
1650382680000.0,0.0,0.0,0.0,0.0,0.0,0.0,0.0,0.0,0.0
1650382800000.0,0.0,0.0,0.0,0.0,0.0,0.0,0.0,0.0,0.0
1650382920000.0,0.0,0.0,0.0,0.0,0.0,0.0,0.0,0.0,0.0
1650383040000.0,0.0,0.0,0.0,0.0,0.0,0.0,0.0,0.0,0.0
1650383160000.0,0.0,0.0,0.0,0.0,0.0,0.0,0.0,0.0,0.0
1650383280000.0,0.0,0.0,0.0,0.0,0.0,0.0,0.0,0.0,0.0
1650383400000.0,0.0,0.0,0.0,0.0,0.0,0.0,0.0,0.0,0.0
1650383520000.0,0.0,0.0,0.0,0.0,0.0,0.0,0.0,0.0,0.0
1650383640000.0,0.0,0.0,0.0,0.0,0.0,0.0,0.0,0.0,0.0
1650383760000.0,0.0,0.0,0.0,0.0,0.0,0.0,0.0,0.0,0.0
1650383880000.0,0.0,0.0,0.0,0.0,0.0,0.0,0.0,0.0,0.0
1650384000000.0,0.0,0.0,0.0,0.0,0.0,0.0,0.0,0.0,0.0
1650384120000.0,0.0,0.0,0.0,0.0,0.0,0.0,0.0,0.0,0.0
1650384240000.0,0.0,0.0,0.0,0.0,0.0,0.0,0.0,0.0,0.0
1650384360000.0,0.0,0.0,0.0,0.0,0.0,0.0,0.0,0.0,0.0
1650384480000.0,0.0,0.0,0.0,0.0,0.0,0.0,0.0,0.0,0.0
1650384600000.0,0.0,0.0,0.0,0.0,0.0,0.0,0.0,0.0,0.0
1650384720000.0,0.0,0.0,0.0,0.0,0.0,0.0,0.0,0.0,0.0
1650384840000.0,0.0,0.0,0.0,0.0,0.0,0.0,0.0,0.0,0.0
1650384960000.0,0.0,0.0,0.0,0.0,0.0,0.0,0.0,0.0,0.0
1650385080000.0,0.0,0.0,0.0,0.0,0.0,0.0,0.0,0.0,0.0
1650385200000.0,0.0,0.0,0.0,0.0,0.0,0.0,0.0,0.0,0.0
1650385320000.0,0.0,0.0,0.0,0.0,0.0,0.0,0.0,0.0,0.0
1650385440000.0,0.0,0.0,0.0,0.0,0.0,0.0,0.0,0.0,0.0
1650385560000.0,0.0,0.0,0.0,0.0,0.0,0.0,0.0,0.0,0.0
1650385680000.0,0.0,0.0,0.0,0.0,0.0,0.0,0.0,0.0,0.0
1650385800000.0,0.0,0.0,0.0,0.0,0.0,0.0,0.0,0.0,0.0
1650385920000.0,0.0,0.0,0.0,0.0,0.0,0.0,0.0,0.0,0.0
1650386040000.0,0.0,0.0,0.0,0.0,0.0,0.0,0.0,0.0,0.0
1650386160000.0,0.0,0.0,0.0,0.0,0.0,0.0,0.0,0.0,0.0
1650386280000.0,0.0,0.0,0.0,0.0,0.0,0.0,0.0,0.0,0.0
1650386400000.0,0.0,0.0,0.0,0.0,0.0,0.0,0.0,0.0,0.0
1650386520000.0,0.0,0.0,0.0,0.0,0.0,0.0,0.0,0.0,0.0
1650386640000.0,0.0,0.0,0.0,0.0,0.0,0.0,0.0,0.0,0.0
1650386760000.0,0.0,0.0,0.0,0.0,0.0,0.0,0.0,0.0,0.0
1650386880000.0,0.0,0.0,0.0,0.0,0.0,0.0,0.0,0.0,0.0
1650387000000.0,0.0,0.0,0.0,0.0,0.0,0.0,0.0,0.0,0.0
1650387120000.0,0.0,0.0,0.0,0.0,0.0,0.0,0.0,0.0,0.0
1650387240000.0,0.0,0.0,0.0,0.0,0.0,0.0,0.0,0.0,0.0
1650387360000.0,0.0,0.0,0.0,0.0,0.0,0.0,0.0,0.0,0.0
1650387480000.0,0.0,0.0,0.0,0.0,0.0,0.0,0.0,0.0,0.0
1650387600000.0,0.0,0.0,0.0,0.0,0.0,0.0,0.0,0.0,0.0
1650387720000.0,0.0,0.0,0.0,0.0,0.0,0.0,0.0,0.0,0.0
1650387840000.0,0.0,0.0,0.0,0.0,0.0,0.0,0.0,0.0,0.0
1650387960000.0,0.0,0.0,0.0,0.0,0.0,0.0,0.0,0.0,0.0
1650388080000.0,0.0,0.0,0.0,0.0,0.0,0.0,0.0,0.0,0.0
1650388200000.0,0.0,0.0,0.0,0.0,0.0,0.0,0.0,0.0,0.0
1650388320000.0,0.0,0.0,0.0,0.0,0.0,0.0,0.0,0.0,0.0
1650388440000.0,0.0,0.0,0.0,0.0,0.0,0.0,0.0,0.0,0.0
1650388560000.0,0.0,0.0,0.0,0.0,0.0,0.0,0.0,0.0,0.0
1650388680000.0,0.0,0.0,0.0,0.0,0.0,0.0,0.0,0.0,0.0
1650388800000.0,0.0,0.0,0.0,0.0,0.0,0.0,0.0,0.0,0.0
1650388920000.0,0.0,0.0,0.0,0.0,0.0,0.0,0.0,0.0,0.0
1650389040000.0,0.0,0.0,0.0,0.0,0.0,0.0,0.0,0.0,0.0
1650389160000.0,0.0,0.0,0.0,0.0,0.0,0.0,0.0,0.0,0.0
1650389280000.0,0.0,0.0,0.0,0.0,0.0,0.0,0.0,0.0,0.0
1650389400000.0,0.0,0.0,0.0,0.0,0.0,0.0,0.0,0.0,0.0
1650389520000.0,0.0,0.0,0.0,0.0,0.0,0.0,0.0,0.0,0.0
1650389640000.0,0.0,0.0,0.0,0.0,0.0,0.0,0.0,0.0,0.0
1650389760000.0,0.0,0.0,0.0,0.0,0.0,0.0,0.0,0.0,0.0
1650389880000.0,0.0,0.0,0.0,0.0,0.0,0.0,0.0,0.0,0.0
1650390000000.0,0.0,0.0,0.0,0.0,0.0,0.0,0.0,0.0,0.0
1650390120000.0,0.0,0.0,0.0,0.0,0.0,0.0,0.0,0.0,0.0
1650390240000.0,0.0,0.0,0.0,0.0,0.0,0.0,0.0,0.0,0.0
1650390360000.0,0.0,0.0,0.0,0.0,0.0,0.0,0.0,0.0,0.0
1650390480000.0,0.0,0.0,0.0,0.0,0.0,0.0,0.0,0.0,0.0
1650390600000.0,0.0,0.0,0.0,0.0,0.0,0.0,0.0,0.0,0.0
1650390720000.0,0.0,0.0,0.0,0.0,0.0,0.0,0.0,0.0,0.0
1650390840000.0,0.0,0.0,0.0,0.0,0.0,0.0,0.0,0.0,0.0
1650390960000.0,0.0,0.0,0.0,0.0,0.0,0.0,0.0,0.0,0.0
1650391080000.0,0.0,0.0,0.0,0.0,0.0,0.0,0.0,0.0,0.0
1650391200000.0,0.0,0.0,0.0,0.0,0.0,0.0,0.0,0.0,0.0
1650391320000.0,0.0,0.0,0.0,0.0,0.0,0.0,0.0,0.0,0.0
1650391440000.0,0.0,0.0,0.0,0.0,0.0,0.0,0.0,0.0,0.0
1650391560000.0,0.0,0.0,0.0,0.0,0.0,0.0,0.0,0.0,0.0
1650391680000.0,0.0,0.0,0.0,0.0,0.0,0.0,0.0,0.0,0.0
1650391800000.0,0.0,0.0,0.0,0.0,0.0,0.0,0.0,0.0,0.0
1650391920000.0,0.0,0.0,0.0,0.0,0.0,0.0,0.0,0.0,0.0
1650392040000.0,0.0,0.0,0.0,0.0,0.0,0.0,0.0,0.0,0.0
1650392160000.0,0.0,0.0,0.0,0.0,0.0,0.0,0.0,0.0,0.0
1650392280000.0,0.0,0.0,0.0,0.0,0.0,0.0,0.0,0.0,0.0
1650392400000.0,0.0,0.0,0.0,0.0,0.0,0.0,0.0,0.0,0.0
1650392520000.0,0.0,0.0,0.0,0.0,0.0,0.0,0.0,0.0,0.0
1650392640000.0,0.0,0.0,0.0,0.0,0.0,0.0,0.0,0.0,0.0
1650392760000.0,0.0,0.0,0.0,0.0,0.0,0.0,0.0,0.0,0.0
1650392880000.0,0.0,0.0,0.0,0.0,0.0,0.0,0.0,0.0,0.0
